strain	location	time
$2354	China	0.0
2351	Egypt, Arab Rep.	0.0730636783587893
2349	Nigeria	0.0754591373076319
2340	Nigeria	0.1726846210340733
2323	Nigeria	0.2289175368526727
2275	Nigeria	0.2832228119970438
1024	United Kingdom	0.7292987607461122
2230	Nigeria	0.3222655238468263
921	United Kingdom	0.7510217029029297
1007	United Kingdom	0.7327305139646922
2294	China	0.2625715256093326
2220	Sweden	0.3320265621866888
1204	United Kingdom	0.649938847454747
2121	Germany	0.4094227924494441
96	United States	0.8084768355537204
262	United States	0.8021258916473358
2229	Afghanistan	0.322966479481214
2149	India	0.3895459101635777
1548	India	0.5655620530259167
433	United Kingdom	0.7938308939654388
533	United States	0.7879519807945528
1867	Pakistan	0.5187579262201371
844	United States	0.7610867878236349
1076	United Kingdom	0.7074749036263587
2195	China	0.3602702264882599
1508	United Kingdom	0.5718571351733976
2189	China	0.3636106662965102
214	United States	0.8041120361894094
948	United States	0.7460329030058813
2324	Nigeria	0.2270096347003006
2177	Nigeria	0.3706463536595575
243	Malawi	0.8029019402149586
1565	United Kingdom	0.5642883729253911
2302	Nigeria	0.2515739788268673
2262	China	0.2957984476154154
2197	China	0.359467573161493
722	United Kingdom	0.7734116492119237
963	United Kingdom	0.7424063918649588
2249	China	0.3061587167233279
2093	China	0.4366498449492602
1225	Brazil	0.6435213135740646
119	United States	0.8077783296820853
824	United States	0.7635938518870524
1994	China	0.486079915337017
273	United States	0.8016444132105499
475	United Kingdom	0.7910171621762843
2165	China	0.3801430774931402
530	United States	0.7880998308311753
730	Zimbabwe	0.7727926285104066
2297	Nigeria	0.259015323041888
2267	Tunisia	0.2921552573641155
2151	Iraq	0.3886464024983024
754	United Kingdom	0.7706836990579466
1182	United States	0.6588333871820914
135	Canada	0.807039934460508
701	United Kingdom	0.7748485591567311
2169	Tunisia	0.3755481990253239
17	United Kingdom	0.8116150419900409
66	United Kingdom	0.8097888080943155
2280	Nigeria	0.2775622067962632
2232	Nigeria	0.321559909483292
2117	Azerbaijan	0.4128728193344831
255	United Kingdom	0.8024071613123765
1520	United States	0.569629280615837
2231	Nigeria	0.3221345817879195
312	United States	0.799254171429267
2223	Nigeria	0.327708280473487
2087	Ethiopia	0.4432722455626927
2023	France	0.4738705290833463
1893	United States	0.5134157716013684
1421	Japan	0.5892618891039352
962	Mexico	0.7427476443882539
454	United States	0.792366394576185
596	United States	0.78354235809312
1014	United States	0.7312963296084656
1786	Peru	0.5339588174485526
117	United Kingdom	0.8078771522849834
1371	Mexico	0.6001671807212169
93	United States	0.8086331617716622
940	United States	0.7477211250785796
1993	France	0.4861329619444423
1471	United States	0.5794447194319101
432	United States	0.7938331808539606
691	United States	0.7753401342839296
1976	France	0.4910597451095334
1705	Nigeria	0.5464511759457806
111	United Kingdom	0.8080010993927845
1447	China	0.5832527656192665
311	France	0.7992861706670926
1113	India	0.6935529320661336
149	United Kingdom	0.8064761818576268
219	India	0.8038860141367359
1953	France	0.4965758860628411
1798	France	0.5314493246379726
297	United States	0.799926529579571
1641	France	0.5548066007099568
130	United Kingdom	0.807210924573705
157	United Kingdom	0.8062725416878905
1935	Burkina Faso	0.5034959895543865
1898	Niger	0.5120613611761144
1812	Niger	0.528534510798717
236	United States	0.8030760642793708
1665	Niger	0.5520184912018462
1439	Nigeria	0.5860759389637247
118	Malawi	0.8078200804985546
557	United Kingdom	0.786508251871572
1570	Nigeria	0.5638654380273146
1226	Nicaragua	0.6432656263164407
889	United States	0.7553479367654717
1162	Nicaragua	0.6683563070103082
21	United States	0.8114045917760802
925	United States	0.7505814699690679
1564	Nigeria	0.5643280301739831
695	United Kingdom	0.7752592796256186
972	United States	0.7406375441876819
1871	Morocco	0.5174270425911415
979	United States	0.7391512689358414
1826	Gambia, The	0.5265813571493753
1018	United States	0.7302431861322506
406	United States	0.7951923521351615
413	United Kingdom	0.7948384703045628
1067	United States	0.7120835761055543
1924	Burkina Faso	0.5062915316921752
1717	Nigeria	0.5445117606331926
1050	United Kingdom	0.7197270278557962
1703	China	0.5464946533766373
1475	United Kingdom	0.5784673256629332
1599	India	0.5602065373764944
25	United Kingdom	0.8111495463253117
332	United Kingdom	0.7983943146055202
1734	Cote d'Ivoire	0.5426019512080126
1163	United Kingdom	0.6668993847115644
1382	Ukraine	0.5982217760576851
981	United States	0.7383014582695293
1246	Costa Rica	0.6366964854477952
513	United States	0.7888437800249551
861	Malawi	0.7585281389690965
2084	Ethiopia	0.4453934969912842
1868	Ethiopia	0.5184757970252342
521	Malawi	0.7885674194107609
1837	Ethiopia	0.5240109829453186
1609	Moldova	0.558977966476163
840	United Kingdom	0.7615048768550952
1088	Mexico	0.7024072637613763
554	United States	0.7868077130058663
583	United Kingdom	0.7842471899610081
1799	Ethiopia	0.5314086043271226
1518	China	0.5700545665233454
438	United Kingdom	0.7933893629470664
1286	Tanzania	0.6235935167988077
98	India	0.8083879334768471
191	United States	0.8049700462104107
1791	Ethiopia	0.5325192553483314
310	United States	0.7993218130086359
1597	Ethiopia	0.5607913536315849
1470	France	0.5795123654087656
725	United Kingdom	0.7731519115163356
1352	United States	0.6044470497142089
806	United States	0.7654311286260644
970	United Kingdom	0.7408749006774018
1492	Pakistan	0.5752827792929519
220	United States	0.8038542068033074
523	United States	0.7885003579538291
1899	Hong Kong SAR, China	0.5118906959429176
1779	Indonesia	0.5355653073794866
116	United States	0.8078801343954249
1322	Canada	0.6127766042813217
200	United States	0.8046941017027519
1298	United States	0.6194526674624682
112	United Kingdom	0.8079830662729449
241	United States	0.8029491490364215
1856	India	0.5202358135734508
764	United States	0.7695983804815395
1720	India	0.5442926308243592
1360	Venezuela, RB	0.6027923962598004
228	United States	0.8034592835193125
592	United States	0.7838337273952506
1708	India	0.5460466051576499
1366	Malta	0.6014763352229959
139	United Kingdom	0.8068363034593726
585	United Kingdom	0.784232070907424
1459	China	0.5809436087329393
1091	United States	0.7009345873540689
1416	China	0.5900250816398255
1004	Pakistan	0.733196551460739
1330	Indonesia	0.6102069461023278
250	United States	0.8025611565567238
813	United States	0.7647216527053722
2219	Nigeria	0.3338089996331617
292	Malawi	0.8003237393778406
2196	Nigeria	0.3595642109468534
2065	Nigeria	0.4578643301584097
868	United States	0.7577408287733197
1584	Nigeria	0.5616870691463874
26	United States	0.8111443938521201
974	United Kingdom	0.7395454347828276
2153	South Africa	0.3868012512314894
564	India	0.7857505039670921
1677	United Kingdom	0.5494934312350873
2250	India	0.3053057597364966
802	United States	0.7657135510716457
2202	China	0.3551200382013518
415	United Kingdom	0.7947849086913198
721	United States	0.7734292891461638
2347	Cote d'Ivoire	0.0995682000319938
2064	Nigeria	0.4582346786911507
1016	United Kingdom	0.7307124403559506
1082	United Kingdom	0.7050915003523571
2346	Cote d'Ivoire	0.1092428171227918
2338	China	0.1758775689481317
2315	China	0.2337409938955768
2300	China	0.2558155967697439
365	United States	0.7966320860244779
2246	China	0.3092619752161462
2226	Brazil	0.3240653062470837
548	South Africa	0.7870459140488869
2168	Mexico	0.3778721116362523
916	United States	0.7519333738927219
2103	Mexico	0.4257689053145606
2068	United States	0.4546762988764443
2050	United States	0.4646014471513763
2036	United States	0.4680212388129441
146	United States	0.8065315084908252
2009	United States	0.4793959975787943
1477	Canada	0.5782109915889773
532	United Kingdom	0.7879754763999843
1334	United States	0.6094729562738916
163	United States	0.8061442831135421
1148	United States	0.6741597062006255
1986	United States	0.4892257041559636
1044	United States	0.7204338571664289
1902	United States	0.5114542132978754
181	United States	0.8052764429173215
1874	Cuba	0.5164996933711713
1746	Yemen, Rep.	0.5408242821011991
589	United States	0.7841239253409952
1628	Uganda	0.5562624154273852
751	United Kingdom	0.7709820771372852
1222	France	0.6455604828393015
257	United Kingdom	0.8023486132824321
1036	Finland	0.7244136327798593
1836	Cuba	0.5241004832911924
1770	Mexico	0.5367816442208875
604	Cameroon	0.7827209594351539
1750	Mexico	0.5405387532101884
120	United States	0.8077734273563809
1612	Brazil	0.558931217624387
22	Cameroon	0.8113531533706569
53	United States	0.8103261763667078
1833	Cuba	0.5250509522068215
798	United Kingdom	0.766216786240311
1644	Haiti	0.5545287801404524
1037	United Kingdom	0.7237333829408554
685	United States	0.7759217031262923
770	United Kingdom	0.769199678607992
1567	Haiti	0.5640957431408337
1358	Haiti	0.603110601751024
518	United States	0.7886824844775486
538	United States	0.7876998623596282
1491	Mexico	0.575570639382239
657	United Kingdom	0.7784542521840297
1310	Mexico	0.6157691506457152
1251	United States	0.6358591025502172
1302	Mexico	0.6188264496066885
828	United Kingdom	0.7632261336127119
1217	Mexico	0.6467472970546431
368	United States	0.7964641866370388
422	United States	0.7944649067353743
2046	United States	0.4654163419393848
1958	Mexico	0.4958732607530389
1600	Mexico	0.5598526078021258
1306	Brazil	0.6171203706725755
902	United Kingdom	0.7542259232224473
1278	Brazil	0.6266012917065581
176	United States	0.8055295399839596
894	United States	0.7549532274572105
1483	United States	0.5767471954327563
1327	Venezuela, RB	0.6110354498956196
658	United States	0.7782955733312759
731	United States	0.7725803403032538
1354	United States	0.6041073308127788
1914	Mexico	0.5091764806956826
1776	United States	0.5358952210256804
821	United States	0.7638878340894232
1568	United States	0.5640597171978925
282	United Kingdom	0.800962251522191
773	United States	0.7688242841596143
1820	Mexico	0.5277414267415785
1279	United States	0.6265673711230945
55	United States	0.8102780093157392
397	United Kingdom	0.7953055272080355
1544	Cuba	0.5659910387941058
75	United Kingdom	0.809374813452614
1407	Argentina	0.5915219554263507
570	United Kingdom	0.7852341056349426
781	Canada	0.7681350019277294
1996	Nicaragua	0.4859989338391247
1739	El Salvador	0.5419234717686326
1601	United States	0.5594699992986543
1154	United Kingdom	0.671440441240513
1586	United States	0.5616001190109224
966	United States	0.7415999816794168
1313	Mexico	0.6149971937154676
652	United Kingdom	0.7791955245545051
977	United States	0.739272049613315
1686	Honduras	0.5477882153228026
1452	Honduras	0.5824889386967681
1179	Honduras	0.6592678461596838
164	Mexico	0.8059787272986029
967	United States	0.7412279083921021
1445	Honduras	0.584708353160407
605	United States	0.7826902051676982
1195	Honduras	0.6538568832330373
69	United Kingdom	0.8095266148919195
84	Angola	0.8090660214229092
1550	Germany	0.565447118975835
666	Zimbabwe	0.7775438394243173
1429	India	0.5871877134056198
252	United Kingdom	0.8025172939721521
1289	India	0.6229538941514735
281	United States	0.8009914664710889
631	India	0.7806419444527086
1831	Nicaragua	0.5259264059840684
1775	India	0.5361099711837923
394	United States	0.795392142030905
1252	Slovenia	0.6354327820640535
33	United Kingdom	0.8109108334903558
131	United States	0.8072079936025381
1780	Nicaragua	0.5355609752265438
782	United States	0.7681115478606503
1143	United States	0.6757992919242453
39	United States	0.8107458966710882
930	United States	0.749217456897134
2058	Puerto Rico	0.4603232319918052
1959	Mexico	0.4954094335808975
1915	Mexico	0.5086825659467451
1238	United States	0.6397190158096626
411	United States	0.7948875854639093
1115	United States	0.6908001218840983
1811	United States	0.5287602462248739
1558	United States	0.5647929622362171
786	United States	0.7677100140206418
876	United Kingdom	0.7571688695672257
1623	United States	0.5571231275704667
1469	United States	0.579516578575374
1232	Brazil	0.6415319166692802
0	United States	0.8122093038443413
818	United States	0.7643748631618165
1271	United States	0.6290752916331731
569	United States	0.7852819746944493
827	United Kingdom	0.7632432877144013
1543	Honduras	0.5660161681656565
668	United States	0.7775263056618162
1531	Honduras	0.567779353345772
517	United States	0.7886899506792787
1423	Honduras	0.588846532709758
145	Pakistan	0.8066120621830175
581	United States	0.7842767335554193
489	United States	0.7903915671396124
561	United States	0.7859044277139366
1916	Mexico	0.5085814664380798
1683	Colombia	0.5480127437503398
390	United States	0.7956894973000702
1388	Colombia	0.5961293319602056
626	Latvia	0.7810087542345242
1258	Colombia	0.6337493714599124
73	United States	0.8094097903715801
816	United States	0.7645057048209292
1827	Mexico	0.5265717813882067
354	United Kingdom	0.797132421716215
1591	Mexico	0.5612532212498081
427	United States	0.7942360550303947
1361	Argentina	0.6021215557505759
459	United Kingdom	0.7921874121198083
1321	Brazil	0.6128331520398247
72	United Kingdom	0.8094494182813013
1281	Argentina	0.6257159667346404
416	United States	0.7947634319316984
423	United Kingdom	0.7944204855639917
2053	Puerto Rico	0.4624239370172824
364	United Kingdom	0.7967448861053096
2052	Brazil	0.4629734146723777
1702	Brazil	0.5466454295694559
1689	Brazil	0.5476501842423847
1634	Colombia	0.555851851705776
1236	United States	0.6400749224329417
421	United States	0.7944791639710949
494	United States	0.7900238995522374
1562	Colombia	0.5645795368956594
1372	Colombia	0.6000739670268895
822	United States	0.7638164722410439
1123	Angola	0.688630688425286
1519	Colombia	0.5700352705468221
1090	United States	0.7011953581010616
41	United States	0.8107131498746037
48	United States	0.810488247656364
1362	Colombia	0.6017330305214706
1049	United Kingdom	0.719765793439755
1107	Mexico	0.6951705552655797
330	United Kingdom	0.7984606648258477
848	United States	0.7603996943735224
1638	Brazil	0.5550700251828293
664	United States	0.7775586673149327
1412	United States	0.5906951366642177
1186	United States	0.6570830856406242
559	United States	0.7864133572473014
1134	United States	0.6827051832640718
768	United States	0.7693148018918545
888	United Kingdom	0.755366394248507
1320	United States	0.6133676376421708
209	United Kingdom	0.8042172553876425
1149	United States	0.6738924747186507
1693	Senegal	0.54727379925405
61	United Kingdom	0.8100394901022884
1613	Senegal	0.5588303345497803
51	United States	0.8104018007402454
1408	China	0.5914632630510406
392	Mexico	0.7956528965928622
488	United Kingdom	0.7904078675503129
2031	Brazil	0.4707366071361049
2012	Venezuela, RB	0.4789158831802203
1635	Mexico	0.5557841922891071
745	United States	0.7714670881614388
996	United Kingdom	0.7347492378223963
1979	Venezuela, RB	0.4904548888177831
881	United States	0.7562231796583456
1936	Venezuela, RB	0.5034358606679998
1748	Venezuela, RB	0.5406970854667197
1616	United States	0.5582803284346787
35	United Kingdom	0.810829011711978
1504	United States	0.5721533346358993
1303	Argentina	0.6178675984373984
372	United States	0.7962859365816273
428	United Kingdom	0.7940722314501238
1340	United States	0.6071523514303937
408	United Kingdom	0.7950812112855159
1126	United States	0.6867701080548227
1672	Venezuela, RB	0.5506448320402257
42	United States	0.8106772459049847
1577	Venezuela, RB	0.5624836789886647
663	United States	0.7776946111037004
1486	United States	0.576308066155144
1363	United States	0.6016665266618642
302	United Kingdom	0.7997708374327153
1285	Brazil	0.6242733755358661
1010	United States	0.732140491417714
1156	Brazil	0.6698998060979
797	United States	0.7664796490495602
880	United States	0.7566810125331505
1435	Mexico	0.5865637255233476
208	India	0.8043173332567294
1198	Argentina	0.6535109175427088
929	United States	0.7493456215189741
1078	Mexico	0.7066249518585132
300	United States	0.7998126109452849
949	United States	0.7455442300542913
1926	Venezuela, RB	0.505850698949068
1712	Japan	0.5453902133868158
16	United States	0.8116246098367009
420	United Kingdom	0.7946708937486034
1886	Peru	0.5142720556821815
1121	United States	0.6894042433004212
1844	Peru	0.5227965518674028
402	United States	0.7952378660452919
1838	Argentina	0.5239320302671149
1724	Brazil	0.5436545411265564
917	United States	0.7518457740379928
1598	Peru	0.5606247833815193
705	United States	0.77470770069509
1276	Panama	0.6274004531218227
463	United States	0.7919364462833219
1096	Costa Rica	0.6998018757780596
363	United Kingdom	0.7967584604524897
374	United Kingdom	0.7961454663341525
1806	Argentina	0.5297396405570488
1411	China	0.5906953721006106
108	United States	0.80804686659124
697	Portugal	0.7750601250179218
1563	Brazil	0.5644490740214227
622	United States	0.7814259403186179
1505	Brazil	0.5720878615088902
1274	Brazil	0.6280357279643248
338	United States	0.798054262074226
766	United Kingdom	0.7695626369327332
1333	Brazil	0.6096585460406141
763	United States	0.7697733653241928
838	United States	0.761800483445152
2017	Brazil	0.4772385321577324
1819	Brazil	0.5279039001925857
1413	Brazil	0.5906828780579741
1064	United Kingdom	0.7126902245951178
1323	Brazil	0.6124500297139088
611	United States	0.7822826200473614
1189	Brazil	0.6561134154312336
391	United Kingdom	0.7956678012795794
491	United Kingdom	0.7901895791290033
1666	Brazil	0.5519624969643291
1523	Brazil	0.5690326743265441
425	United States	0.7943996109626189
633	South Africa	0.7803798346268781
1537	Mexico	0.56695355006877
873	United Kingdom	0.7575087509425522
1264	Mexico	0.6317511563142535
81	United States	0.8091120296601453
1215	Mexico	0.64783133135642
152	India	0.8064195891294788
289	United Kingdom	0.8004121588387895
1990	Brazil	0.4873031500572141
1443	Brazil	0.5854523151638726
953	United States	0.7443437886686535
1052	United Kingdom	0.7182282132947172
1625	Brazil	0.5565593367490892
184	United Kingdom	0.8052149923238785
808	United States	0.7652023341427645
2098	Mexico	0.431240322460193
2085	Mexico	0.4449038544054419
2066	Canada	0.45663646092886
2021	Canada	0.4745346649828386
1956	Canada	0.495951285962342
1765	Canada	0.537500913767574
1001	United Kingdom	0.7342215478617703
1092	United Kingdom	0.7008786663711999
1815	Mexico	0.5281130541026418
59	United States	0.8101213786881045
253	Angola	0.8024993083648357
1984	United States	0.4895228246322532
1860	United States	0.5202161248452453
1345	Egypt, Arab Rep.	0.6066014598268947
190	United States	0.8050090375950647
508	United Kingdom	0.7893174072700095
1650	United States	0.5537851124721347
1301	Germany	0.6188607696621419
126	Norway	0.807407162399748
160	United Kingdom	0.8062130092221745
1526	United States	0.5684867053035235
110	United States	0.8080267011641451
247	United Kingdom	0.8026565661062026
1960	Germany	0.4952920883250467
1604	Austria	0.5591757768731694
1254	Belgium	0.6350209332551061
212	United States	0.8041465116472304
325	United Kingdom	0.798741808751091
1364	Germany	0.6016133821812086
86	United States	0.8090063506465658
301	United Kingdom	0.799789998918652
1948	Germany	0.4995772430404521
919	United States	0.7516351780144531
1927	Germany	0.505230195659966
866	United Kingdom	0.7578690099022504
1684	United States	0.5479045056524693
749	United States	0.7711538613518196
1248	Fiji	0.636488675747594
799	United States	0.766139597655702
1131	Fiji	0.6843159964178251
177	United States	0.8055252846649963
547	United Kingdom	0.7870896220110123
2026	Canada	0.4726695592978784
1692	Canada	0.5472791420340376
1141	United States	0.6760666118264632
1513	Canada	0.5709460483941569
973	United States	0.7405563422002885
1473	United States	0.5787707210262893
723	United States	0.7733831047213078
1332	Nicaragua	0.6097844873465046
286	United Kingdom	0.8006646719262173
942	United Kingdom	0.747633997118274
1824	United States	0.52677356643369
417	United States	0.7947196833706194
1778	United States	0.535581765954451
1277	United States	0.627131370691607
334	United Kingdom	0.7983412993675078
671	United States	0.7772777258627959
1699	Korea, Rep.	0.5469881982336006
123	Slovak Republic	0.8074750976396685
1512	China	0.5709482134000505
2	Portugal	0.8121150993204174
266	United States	0.8020661938796856
2067	United States	0.4562098064138273
2045	United States	0.4655092732426963
1910	Rwanda	0.5101544192073821
1713	Uganda	0.5452135361035421
1108	United Kingdom	0.6949650115341109
1710	Uganda	0.5455475922290958
623	United States	0.7812323257333562
812	Zimbabwe	0.7648701565640316
1907	Rwanda	0.5107241221755849
471	Portugal	0.7913402711793253
1769	India	0.5371346343178909
318	United Kingdom	0.7990569489872165
655	United States	0.7789174148577352
1934	United States	0.5036956637170958
1766	Nicaragua	0.5374260124973197
357	United States	0.7969401699326313
1662	United States	0.5524226793806541
1029	United Kingdom	0.7279537132494973
1383	United States	0.5979711936760503
1229	Brazil	0.6428567035682392
269	United Kingdom	0.8018597244208907
373	United Kingdom	0.7962600734452189
1380	United States	0.5983599100874047
308	United States	0.7994046056423352
371	United States	0.7963392287205442
1787	United States	0.533783292235043
1745	Jamaica	0.5408765945199578
1178	Brazil	0.6598774242404756
170	United States	0.8058310781175705
1013	United Kingdom	0.731331792457672
1647	Jamaica	0.553978813328769
635	United Kingdom	0.7802889408719372
1637	Jamaica	0.5554275901014898
577	United Kingdom	0.7847400613698358
1374	Turkiye	0.5999580898576378
100	United Kingdom	0.8082860043815172
1118	United States	0.6902500500342893
1777	United States	0.5356926642231372
147	United States	0.8065292339175373
1763	United States	0.5380244650458741
1468	Cuba	0.5795445663337601
28	United States	0.8111209344185908
908	United States	0.7535296960701393
1761	France	0.5385619936279894
1687	India	0.5477217319956692
171	United States	0.8058084104045037
1101	Pakistan	0.6974532285251996
1747	France	0.5407571570446654
279	United Kingdom	0.8010992446050289
952	Finland	0.7445997495485627
2062	United States	0.4591322919504573
1995	United States	0.4860193752893345
1772	United States	0.5365950079753182
785	United Kingdom	0.7677661435750803
1694	Honduras	0.5471906086647546
103	Malawi	0.8082156209312388
1670	Honduras	0.5511345862611949
1530	Honduras	0.5679831468065898
180	United States	0.8054351755462472
1347	Honduras	0.6058631471778867
567	United States	0.785648731531044
1261	United States	0.6329168428840332
645	United States	0.7796684665655104
706	United States	0.7746523782815713
1559	Honduras	0.5647374257190801
154	United States	0.8063673344610801
528	United Kingdom	0.7881858685560009
1961	United States	0.4950609098217867
1803	El Salvador	0.530024429137915
648	Portugal	0.7795895151087713
1603	Guatemala	0.5592036668870283
899	United Kingdom	0.7544053783344375
1351	Guatemala	0.6047006518709481
201	United States	0.8045888160024455
735	United Kingdom	0.7722350554583794
1880	Argentina	0.5159018458477864
864	United Kingdom	0.7580736506983345
1453	Brazil	0.5820326519830983
197	United Kingdom	0.8047161596439556
1359	Mexico	0.602974709685119
767	United States	0.76948471862404
1223	United States	0.6446065443574229
759	United States	0.770164839135628
877	United States	0.7570368452090226
2044	Japan	0.4658011556278839
2004	Papua New Guinea	0.4801223295482559
1830	Papua New Guinea	0.5259507817234833
1540	Australia	0.5666757816707857
639	United States	0.7800242021614925
1456	Australia	0.5814141516602097
1337	Australia	0.6084612353137495
724	United Kingdom	0.7732999157251792
756	United Kingdom	0.7703292278577717
1420	United States	0.589294669109472
419	United States	0.7946739999877453
1239	United States	0.6396986331106619
29	United Kingdom	0.8110921048903791
1224	United States	0.6443119369790078
1767	Papua New Guinea	0.5373920584988933
430	United States	0.7938636333899853
1744	Papua New Guinea	0.5410192215913291
733	United States	0.7723284628695848
1449	Nigeria	0.5830193063958787
366	United Kingdom	0.7965638881154207
709	United Kingdom	0.7744508638617469
2001	Philippines	0.482957421584536
1943	Philippines	0.5010968957629636
1427	Australia	0.5873599837988067
211	United Kingdom	0.8041878634533303
1405	Papua New Guinea	0.5922434241549793
830	United States	0.7629857809728582
1009	United States	0.7322384230419385
1648	Philippines	0.5539158199710086
358	United States	0.7969184029273723
1561	Philippines	0.5646382533511479
499	United States	0.7898324069472602
1249	Philippines	0.6364727581511206
537	United States	0.7877381408173643
1038	United States	0.7236780044347767
1983	Japan	0.4895809991636125
1579	Russian Federation	0.5620445796280751
240	United Kingdom	0.802961751631488
1047	United Kingdom	0.7199064491686229
1928	Japan	0.5051673977226687
1265	India	0.6317261228309857
351	United Kingdom	0.7971955571685175
1061	United Kingdom	0.7154596306691869
1771	Philippines	0.5366899575306274
14	United States	0.8116859121484828
1758	India	0.5389943157113287
1571	India	0.5638454161716941
1317	China	0.6134124815453449
1030	United Kingdom	0.7276984807743027
1035	United States	0.7245861962779798
1538	India	0.5668705995845167
503	United States	0.7897316556224958
632	United States	0.7805351977731529
1646	China	0.55434496133779
246	United States	0.8027659751950054
576	Cameroon	0.7847684718506405
2040	Japan	0.466692492425369
1674	Mexico	0.550162927111526
440	Slovak Republic	0.7932287179573783
976	Pakistan	0.7395289631246488
2010	Japan	0.4793199250262608
1800	Myanmar	0.5312628119186066
1725	Thailand	0.5436531458327318
188	United Kingdom	0.8050328246108965
1455	China	0.5818625667532533
627	United States	0.7809277760527048
1395	China	0.5948517569027459
161	United Kingdom	0.8061756479462029
1255	India	0.6348716151517599
232	Slovak Republic	0.8032892338735342
729	United States	0.7728094998588194
1756	Myanmar	0.5393496824472999
80	United Kingdom	0.8092427429817659
1406	Philippines	0.5921463555905052
216	United States	0.8040088359511844
479	United Kingdom	0.7908389572952688
1858	Philippines	0.5202217334093249
1796	Philippines	0.5316022639448301
490	Malawi	0.7902804457595902
1328	China	0.6108307051193661
43	United States	0.8106721925421363
609	United States	0.7824197122310382
1839	Philippines	0.5238174928304514
1304	Canada	0.617535707219053
222	United States	0.8037823853469739
686	United States	0.7758918625667354
1522	Japan	0.5692358075056057
690	United States	0.7753456300756846
834	United States	0.7626684746828151
2091	Venezuela, RB	0.4372952727698934
2039	Venezuela, RB	0.4672785190403088
1864	Spain	0.5192964169087125
506	United States	0.7893994371307431
1809	Spain	0.5294705253535049
1398	Spain	0.5937399469050862
82	United Kingdom	0.8091063001404103
151	United Kingdom	0.8064316788718251
1792	Spain	0.5325131583258977
122	United States	0.8075401958917736
1790	Spain	0.5327323424605366
1521	United Kingdom	0.5692927141564798
602	United States	0.7829387822022508
1342	United Kingdom	0.6067663848078598
290	United States	0.8003318575467561
1267	United Kingdom	0.6311749945773822
1711	Spain	0.5454658314897382
1607	Spain	0.5590689079589546
387	United States	0.7958629746693348
794	United Kingdom	0.7670008203540923
1675	Nigeria	0.5499434805240936
1446	Cote d'Ivoire	0.5833133064866431
313	United States	0.7992190084877968
855	United States	0.7592423132234841
1546	Cameroon	0.5656160555890059
871	United States	0.757678455797366
895	United States	0.7547480228245168
1987	Venezuela, RB	0.488761011644114
1955	Venezuela, RB	0.4963122872538778
1574	Venezuela, RB	0.5634967183900528
342	United States	0.7978795124123781
500	United Kingdom	0.7898086217711967
1892	Venezuela, RB	0.513442669451299
1434	Brazil	0.586590719852943
829	United States	0.7629938503418708
1389	Argentina	0.5960970109919472
688	United Kingdom	0.7756323033851511
937	United States	0.7483792905029126
1784	Venezuela, RB	0.5348738105859113
307	United States	0.799432755872242
1164	United States	0.6665084046126776
85	United States	0.809011758084187
496	United States	0.789934098856368
1977	Venezuela, RB	0.4909157946249176
1891	United States	0.5134714759719328
1283	United States	0.6250517942948766
477	United States	0.7908729748670137
1070	United Kingdom	0.7112397333470962
398	United States	0.7952973769767889
746	United Kingdom	0.7714543372997481
1855	Colombia	0.5203173981106173
99	United States	0.8083511529618221
1701	Philippines	0.5466980828820376
235	United Kingdom	0.8031326384414478
1663	Philippines	0.5520824175758625
911	United States	0.7530631700974664
1602	Japan	0.5594236398139111
487	United States	0.790432143598641
1431	Japan	0.5870430150922553
597	United States	0.7834970378110444
1393	Japan	0.5951951180015416
259	United States	0.8022916262939027
900	United States	0.754378849686794
1975	Brazil	0.4912676348972697
1291	Mexico	0.6207008698065178
836	United States	0.7623649490306564
1214	United States	0.6482278194210476
727	United States	0.7729493644853156
907	United States	0.7535747223614001
1400	India	0.5933910052643661
1031	Slovak Republic	0.7265355679322953
1199	Spain	0.6532888418159363
424	Slovak Republic	0.7944038218194007
1140	United Kingdom	0.6785806903207955
2073	Venezuela, RB	0.4513939549078991
1923	United States	0.5063878936284376
1822	United States	0.527268720731016
571	United States	0.7852120178760805
1797	United States	0.5314501166918734
1235	Colombia	0.6405365344425362
435	United Kingdom	0.7936535476486
1021	United Kingdom	0.7299677414521265
1751	Korea, Rep.	0.5399020685765553
173	United States	0.8057122708926528
193	United States	0.8048559322608885
1883	Canada	0.5147144220342895
1861	Canada	0.519904586589929
1695	Mexico	0.5471661841046265
1102	United States	0.6973382956873067
1645	Spain	0.5543770248174943
1288	Nigeria	0.6233537446518577
206	United States	0.8044174834273293
946	United Kingdom	0.7467715810029469
1594	Spain	0.5610090296880795
466	United States	0.7914642416859697
524	United States	0.7884599496072843
1835	Brazil	0.5245773096658712
452	United States	0.7924320260066701
1749	Brazil	0.5406341442632481
1034	Angola	0.7248212281029085
1549	Brazil	0.5655005938009832
1147	Canada	0.6744922012760226
92	United States	0.8086744261727731
102	United States	0.8082395422206807
1404	Switzerland	0.592298395562168
1268	Germany	0.6304129015276525
299	United States	0.7998364354792611
694	United States	0.7752790269138827
1318	United Kingdom	0.613410923312623
203	United Kingdom	0.804506669085236
1168	Ireland	0.6658819477706504
997	United Kingdom	0.7344397159579703
1128	United Kingdom	0.6858367134120128
1875	Canada	0.5164996648053669
1729	Argentina	0.5429678394409111
159	United States	0.8062251085569159
707	United States	0.7746498077668856
1805	Canada	0.5299775197348161
1660	Colombia	0.5524714624339074
1103	United States	0.6972986842784928
472	United States	0.7912502951985115
1062	United States	0.7131183574991299
1170	Venezuela, RB	0.6645497257378786
187	United Kingdom	0.8050719736838261
854	United Kingdom	0.7593185181546223
1760	Canada	0.5386314391951825
468	United States	0.7914246400160418
1228	United States	0.6430024219168767
551	United States	0.7869001182594769
950	United States	0.7455332690404245
2054	Venezuela, RB	0.4613453746710063
1963	Mexico	0.4944163772663002
1517	Poland	0.5701372427604959
710	United States	0.7743552354804474
1026	United States	0.7285595564562963
1723	Honduras	0.5437275506954438
1669	Honduras	0.5512760532655543
1171	United States	0.6640892774759277
104	United States	0.8081836660248739
793	United States	0.7670753949623639
1652	Honduras	0.5533439712390039
1510	Mexico	0.5715292245601625
24	United Kingdom	0.8112508811366181
1250	Honduras	0.6362200765842708
143	United States	0.8067038215409236
859	United States	0.7585755601579112
1583	Honduras	0.5618439081268605
341	United Kingdom	0.7979565290961499
527	United States	0.7882315356071506
1696	Honduras	0.547151106091726
1335	United States	0.6088715020327004
339	United States	0.798040656665521
439	United Kingdom	0.793380664955932
1454	Panama	0.5820311801496773
166	United States	0.8059761924295137
1425	Dominican Republic	0.5886794253753088
258	United States	0.8023257395061476
740	United States	0.771855535481496
1969	Venezuela, RB	0.4925704347046652
1726	Italy	0.5433418571660302
444	United Kingdom	0.7929822274593266
1500	Greece	0.5735643211663026
758	United Kingdom	0.7701668650099917
1008	United Kingdom	0.7324386790870833
1950	Ecuador	0.4986419003752261
1466	Colombia	0.5796602846599306
1210	United States	0.6487309755444209
1266	Mexico	0.6312966554655044
672	United States	0.7772271292091851
684	United Kingdom	0.7761079770231888
1881	Ecuador	0.5153255677419848
909	United States	0.7531827565699426
1667	United States	0.5516990946576839
1589	United States	0.5614700826578112
703	United States	0.7748261692485013
1514	United States	0.5709183283366688
1384	Korea, Rep.	0.59794272461045
795	United States	0.7666983308989392
852	United States	0.7595328486857565
1474	United States	0.5785350940539493
1257	Canada	0.6340663740081364
192	United States	0.8049368124397753
511	United States	0.7892265300151626
1377	France	0.5993617150560809
328	United States	0.7986722515721889
340	United Kingdom	0.7980170118347023
1655	United States	0.552955355838745
1169	Mexico	0.6658514257206755
175	United States	0.8057046501426841
349	United States	0.7972520203312798
1312	United States	0.6155245378089627
45	United States	0.8106544628279195
947	United States	0.7465475468786726
2239	China	0.318291011702472
2122	Iran, Islamic Rep.	0.4094066224028767
233	United Kingdom	0.803288544505673
620	United Kingdom	0.7814792935726359
2215	China	0.3448933994988022
774	United Kingdom	0.7687601854643007
2164	China	0.380228947482354
2005	Cuba	0.4799942964208783
610	United Kingdom	0.7823999941931272
1130	United States	0.6844462550438835
2146	China	0.3912859337896353
927	United Kingdom	0.7497664069285503
1315	Italy	0.6140994533743137
229	United States	0.8034572844014098
1006	United Kingdom	0.7328523026370819
2304	China	0.2493446971672868
2254	China	0.3029095234887033
2100	Iran, Islamic Rep.	0.4301746553578573
904	United States	0.7537526413828665
934	United States	0.7489425890550299
2233	China	0.3214112443569087
923	United Kingdom	0.7508169310906829
2123	Thailand	0.4089407688987018
712	United States	0.7742468231876137
954	United States	0.7442260088764531
272	United States	0.8016852323677344
891	United States	0.755219683534874
2264	China	0.2931636053845484
510	United States	0.7892571849436235
1075	South Africa	0.7079624897842803
2330	China	0.2094231678958553
2241	India	0.316287814235291
2133	India	0.4032957425903454
315	United Kingdom	0.7990932613019273
1231	United Kingdom	0.6421461676989373
2236	India	0.3205447283148067
892	United States	0.7550574380887173
2235	India	0.3206187211325413
165	Pakistan	0.8059764810730883
2224	India	0.3268771049315006
1020	United States	0.7301258393730433
2174	India	0.3717626618859846
169	United Kingdom	0.8058574439705115
1122	United Kingdom	0.6890415728447777
2290	China	0.2675971834226532
2244	China	0.3113101812236422
629	United States	0.7808646062432126
2128	China	0.4053500138137634
450	United States	0.7926716020499586
1387	United Kingdom	0.5965668230086137
2286	Albania	0.270795516887767
50	United States	0.8104355302097729
2206	Albania	0.3541916467536793
2163	Italy	0.3804472274819961
572	United Kingdom	0.7851915710522164
1964	Algeria	0.4938592291718428
780	United Kingdom	0.768238111510103
995	United States	0.7348703671077974
2173	United Kingdom	0.3727868021751957
314	United Kingdom	0.7991282716323873
2129	Germany	0.403999168409934
2092	Turkiye	0.4367525047194384
2000	Japan	0.4833546355818855
445	United Kingdom	0.7928502542520622
1949	Japan	0.4992885451827888
1888	Cote d'Ivoire	0.513800964004274
230	United States	0.8034239477307543
1480	Nigeria	0.5772378324625544
199	United States	0.8047083875704615
752	United Kingdom	0.7709732810899806
1933	Japan	0.5038753834772551
681	South Africa	0.7762363695612601
1900	Italy	0.511785422153704
1848	Italy	0.5219329713614131
1590	Brazil	0.561427506795619
1272	Bolivia	0.6285987992666918
182	United Kingdom	0.8052740574516889
857	United Kingdom	0.7588966256458642
1481	Brazil	0.5772075077889105
715	United States	0.7741394183935928
1045	United Kingdom	0.720228407513096
1622	Saudi Arabia	0.5572472472497716
565	Norway	0.7856808159606359
1482	China	0.5768931658055287
520	United States	0.7886163134021095
1048	India	0.7197950294570548
1872	Algeria	0.5173841900931216
1685	Senegal	0.5478154077303568
431	United States	0.7938359766829559
1496	Senegal	0.5747773337637466
186	United Kingdom	0.8050791770140693
814	United Kingdom	0.7645903232393201
1794	China	0.5319796315920314
1619	Canada	0.5577344409351604
379	United States	0.7960121264224874
1498	Canada	0.5739846913644369
321	United States	0.7989316673516977
890	Honduras	0.7552978927312424
37	United States	0.8107652666161331
67	United States	0.8097486269982255
1691	China	0.5474669824349454
58	United States	0.8101340926341647
1595	China	0.5610012852815627
1338	China	0.6075029152295731
158	South Africa	0.8062622683148555
295	United Kingdom	0.8002257199904794
1464	Turkiye	0.5799306196487031
660	United Kingdom	0.7780389084057272
1142	United States	0.6760216460692464
542	South Africa	0.7873930906323059
647	United States	0.7796250520265312
2081	Belgium	0.4469363646155385
1560	Finland	0.5646406921689006
1309	Sweden	0.6163238232046107
231	United Kingdom	0.8033970056702688
650	United Kingdom	0.7794996921776193
1438	Korea, Rep.	0.5861873989573837
642	United States	0.7798497697396662
1436	Korea, Rep.	0.5864914934437871
134	India	0.8071512591368749
1022	United Kingdom	0.7298507856953387
1965	Belgium	0.4937682671604071
1847	India	0.5222843009805751
1698	China	0.547029122137704
1396	China	0.594209117615725
412	India	0.7948860295007788
1133	China	0.682837016028207
591	United States	0.7838715276128712
931	United Kingdom	0.7492028012801963
1419	Spain	0.5894536775986486
1080	Colombia	0.7056593546195261
249	United Kingdom	0.8025899230041794
388	United States	0.795795290511013
1343	Venezuela, RB	0.6067011186366869
127	United Kingdom	0.8073287754856533
1241	Venezuela, RB	0.6389106531235614
298	United States	0.7999011594928912
679	United States	0.7764104106203599
1821	Lao PDR	0.5275869627845305
669	United Kingdom	0.7774754291089762
817	United States	0.7643902502601215
1849	China	0.5214884342394595
304	United States	0.7996660352887046
1658	China	0.552553217455218
128	United States	0.8073068358930388
480	Pakistan	0.7906855164806615
2115	Germany	0.4146391048327461
2003	Poland	0.4812191558061085
1433	Poland	0.5866368849186598
381	United States	0.7960062998197278
556	United Kingdom	0.7865888907443193
1997	Poland	0.4856791165699602
1938	Poland	0.502589603195621
1542	Poland	0.5662409777583867
74	United Kingdom	0.8093871816427939
1527	Poland	0.568445426418185
1305	Philippines	0.6171616916751436
174	United States	0.8057107489339927
884	United Kingdom	0.7555791261529781
1415	Poland	0.590194983831772
168	Estonia	0.8059430457674998
1307	Poland	0.6170478960914528
641	United States	0.7798500624932841
1069	United Kingdom	0.7114351460976921
1681	Poland	0.5485497166036893
1193	Germany	0.6550636420785484
541	United Kingdom	0.7874034741706257
702	United States	0.7748395719480652
1606	Poland	0.5591063252370336
659	Ethiopia	0.7782563601120565
1287	Hungary	0.6235278278834131
484	United Kingdom	0.7904904629847894
865	United Kingdom	0.7580403687638184
1978	Pakistan	0.4904624609922134
1731	Pakistan	0.542748013589174
3	United States	0.8119929327007137
1668	Iran, Islamic Rep.	0.5516095534738132
144	United Kingdom	0.8066675530350348
807	Ethiopia	0.7652653403438008
1945	Pakistan	0.500391464501933
1728	Pakistan	0.5429812636344931
498	United Kingdom	0.7898498842137683
1357	China	0.6036467607529796
226	United Kingdom	0.8036926536438731
361	United Kingdom	0.7967636325068844
1829	Indonesia	0.5259841268662159
568	United Kingdom	0.7853271166131051
1682	Indonesia	0.5482075997132936
1592	Malaysia	0.5611975450756482
337	United Kingdom	0.7981497875344107
1146	Thailand	0.6751902234491375
586	United States	0.7842191521860423
606	United States	0.7825494070789596
1610	India	0.5589652566785875
1056	United Kingdom	0.717343156954934
1552	Pakistan	0.5652511814556209
743	United States	0.7716685938009379
932	United Kingdom	0.7491675601371756
2069	Germany	0.4528009987410999
1911	Germany	0.5101297608988082
1485	Turkiye	0.576435513781078
78	United States	0.8092725762999562
1476	Turkiye	0.578323826290553
395	United Kingdom	0.7953140235572487
1262	India	0.6329166033188215
91	India	0.8088150760899161
835	United Kingdom	0.7623849099167883
1909	Germany	0.5101574937976399
1580	Russian Federation	0.5619539240797878
323	United States	0.7989159005213081
783	United Kingdom	0.7680188665121211
1661	Bulgaria	0.5524604967426203
1190	United Kingdom	0.6560265986238428
1509	Bulgaria	0.5717963141849193
539	United States	0.7876411955296547
1409	Bulgaria	0.5913314014979308
924	United Kingdom	0.7507652994555968
971	United States	0.7406963558868827
2063	Germany	0.4588807062840093
2014	United States	0.4778678691482453
1399	Brazil	0.593401077588476
574	United Kingdom	0.7850127597541317
1077	United States	0.7073603030411388
1989	United States	0.4874885267163307
434	United States	0.7936756711858525
1937	United States	0.503364408801353
1846	United States	0.5226280334061856
1495	United States	0.5750691604853301
83	United Kingdom	0.809089265321031
495	United States	0.7899360279905563
1817	United States	0.5280315141946993
1615	United States	0.5583984633966879
1547	United States	0.5655849454688393
414	United States	0.7948159085892658
1367	China	0.600927333008858
587	United States	0.7841502833492245
856	United Kingdom	0.7591913605555699
1555	United States	0.5649807018307637
847	United States	0.7604279489823793
1319	United States	0.6133761955547024
1033	United Kingdom	0.7260450948319991
1152	United States	0.6726303431787933
1735	United States	0.542558269913903
362	United States	0.7967592019749428
1575	Ireland	0.5632522677484209
820	United Kingdom	0.7640853392396337
1566	Russian Federation	0.5641727253662674
60	United Kingdom	0.810089920833052
1448	Bulgaria	0.5832073759338249
319	United Kingdom	0.7990252073102737
1139	United Kingdom	0.6804448215443574
1921	United States	0.5069955727060735
1890	Germany	0.5136627826289725
1585	Germany	0.5616186561205332
70	United Kingdom	0.8094916454173027
825	United States	0.7634855258690232
1727	United Kingdom	0.5430973911889426
1904	Portugal	0.5111262171624251
1221	Mexico	0.645613617255522
20	United Kingdom	0.8114173494410007
651	United States	0.7794546361079566
1818	Guinea-Bissau	0.5280110992918912
882	United States	0.7559960017636627
1539	France	0.5668228889555786
265	United States	0.8020721704661902
1534	France	0.5674706738246204
141	India	0.8067821647291683
1346	Libya	0.6064998334323722
687	United States	0.7758837233993523
1192	Egypt, Arab Rep.	0.6550855492764043
621	Estonia	0.7814708373976473
926	United States	0.7501553082534248
2060	Germany	0.4596417365280654
1572	Brazil	0.5637684768692818
1181	United States	0.6590314914711374
19	United States	0.811513832213819
535	United States	0.7878711074948297
1557	Argentina	0.5647957058295268
1422	Chile	0.5892403149759329
1172	Brazil	0.6634624098796341
670	United Kingdom	0.7772994956883673
955	United Kingdom	0.7440518865246013
1329	Chile	0.6104479672502693
378	United Kingdom	0.7960327171746922
903	United States	0.7541417001285775
1442	Argentina	0.5855462134773664
148	United States	0.8065064786354317
1253	Venezuela, RB	0.6353075775878637
465	United States	0.7915245132646703
1005	United States	0.7328822082709573
2034	United Kingdom	0.4681960222185297
1853	Canada	0.5204591326970297
1807	Canada	0.5296986387984953
1700	United States	0.5467132195233382
765	United States	0.7695824696999292
1501	United States	0.572963571740275
333	United Kingdom	0.7983901504140754
667	United States	0.7775301185716951
1753	Canada	0.5397876535277819
256	United States	0.8023811444235129
1373	Colombia	0.6000070882861
1099	United States	0.697762921417637
1260	Mexico	0.6332090352867198
789	United States	0.7673667982946502
936	United States	0.7484227594460197
1834	Canada	0.5246942014708363
1774	Canada	0.5361827836297168
1593	Canada	0.5611193533093721
1326	Honduras	0.6114059029654513
267	United States	0.8019108355769577
983	United States	0.7380779594785523
1573	United States	0.5635412274806804
1401	Hungary	0.5930799014883628
534	United Kingdom	0.7878717612256794
1292	United States	0.620667174331999
375	United Kingdom	0.7961125582994975
1173	Dominican Republic	0.662619635427238
49	United States	0.8104481881922339
578	United Kingdom	0.7846021316971302
1525	Mexico	0.5685007633096327
897	United Kingdom	0.754606882983056
1515	United States	0.5708882830831264
224	United States	0.803750458083446
1365	United States	0.6015719507299296
23	United States	0.8112554828801665
1242	United States	0.6380706061732594
590	United States	0.7839925329134676
999	United States	0.7343378211309726
1730	Canada	0.5428461373946799
943	United Kingdom	0.7475636732957894
1656	Japan	0.5526357446361482
842	United Kingdom	0.7613168216276663
1296	Japan	0.6197282641361184
579	United States	0.7844767569223057
1256	India	0.6342178839384645
646	United States	0.7796543542043334
760	United Kingdom	0.7701582669383675
1816	Cuba	0.5281081432469812
133	United States	0.807171504921759
277	United States	0.8013283591913853
1966	Spain	0.4933707151914999
803	United States	0.7656675731894383
1889	Spain	0.51369619873971
614	United Kingdom	0.7819747131793783
1716	Bolivia	0.5446955735984749
918	United Kingdom	0.7517543581933297
1417	Brazil	0.5897097776180659
129	India	0.8072581148694586
1269	United Kingdom	0.6294045469700308
600	Estonia	0.7830907052654233
1234	Brazil	0.6410613864285647
27	United States	0.8111441276756743
775	United States	0.7686787202233225
2342	Niger	0.1656484364991858
2311	Mali	0.2390138570133722
13	India	0.8117009624061851
2240	Mali	0.3177716562040554
2179	Mali	0.3701844322132348
1125	United States	0.68778017156886
2082	Mali	0.4463435070908611
1002	United States	0.7339685698683119
1974	Mali	0.4914317298739544
38	United States	0.8107557686830189
1072	United Kingdom	0.7090698896973895
2234	Mali	0.3210264537184019
2136	Russian Federation	0.4012273726426488
410	United States	0.7949145757057053
1218	United Kingdom	0.6467345140849945
2157	Mali	0.3849465439025071
217	United States	0.8039339923830907
2074	Mali	0.4497748241071346
928	United States	0.7494775284311586
939	United States	0.7479879390061341
2341	Niger	0.1674533138496399
2116	Mali	0.4130435459787959
800	United Kingdom	0.7661038557640872
2018	Brazil	0.476118266892881
736	United Kingdom	0.7720669581798448
1042	United States	0.721225874343636
2310	Senegal	0.2396408011643837
2130	Bangladesh	0.40349771600108
403	United States	0.7952220833552557
512	United States	0.788961459293778
2278	Czechia	0.2787179555921914
832	United Kingdom	0.762841637261259
2156	Mexico	0.3854054428693792
2027	United States	0.471980572058206
1789	Brazil	0.5328832134538054
1424	Brazil	0.5887926551888744
356	United Kingdom	0.7969811876053075
985	United States	0.7375047711882157
1733	France	0.5426216302275144
588	Malawi	0.7841403410852253
761	Australia	0.7701473343400543
2024	Mexico	0.4738671369342525
1095	United States	0.7000101615346818
2006	Canada	0.4798956634503725
1166	United States	0.6661367939826021
1802	United States	0.5307672341750108
711	United States	0.7742907618066087
1144	United Kingdom	0.6753146598667522
2145	Mexico	0.3917663535687583
448	United States	0.792681491242417
457	United Kingdom	0.7922876774863046
2350	Egypt, Arab Rep.	0.0746914675848698
2345	Egypt, Arab Rep.	0.1167922535830923
2225	China	0.3247737398421964
982	United States	0.7382969728170091
1247	United Kingdom	0.6366845835425111
221	United Kingdom	0.8038213764019314
1159	United Kingdom	0.6690370087027233
2332	Egypt, Arab Rep.	0.1969993362996066
2329	Egypt, Arab Rep.	0.2116255619740529
1011	United States	0.7317835326046017
2308	Egypt, Arab Rep.	0.2462225429302175
1185	United Kingdom	0.6572200919226331
2274	China	0.2840784217571991
617	United Kingdom	0.7817891646613457
2227	China	0.3239561145149345
1023	United States	0.7295946746757425
2176	Iraq	0.3707672567839028
409	United States	0.7950739583927221
2106	India	0.4231752218004151
1191	Mozambique	0.6551145066352569
1740	United Kingdom	0.5418432880068618
2331	Egypt, Arab Rep.	0.1991988553156977
2319	Egypt, Arab Rep.	0.2326487456175896
2025	Canada	0.4726918727656837
1051	United States	0.7190485931629177
1715	Colombia	0.545027233014891
738	United Kingdom	0.7720219192022078
1341	United States	0.6069167492450619
2269	Myanmar	0.2903901160040106
2221	China	0.3303927333809819
1027	United Kingdom	0.728540357567122
2048	Spain	0.4652211645713743
1551	Germany	0.5653458014656472
910	United Kingdom	0.7530661796749271
734	United Kingdom	0.7722404446273937
837	United Kingdom	0.7623078347639209
1174	United Kingdom	0.6620115910441231
1624	United Kingdom	0.5568548366415673
2248	Myanmar	0.3069678013872617
271	United Kingdom	0.8017572988191656
2171	India	0.3740970589158502
1086	United Kingdom	0.7037663515897843
2112	India	0.4168668836525093
757	United States	0.7702231001469811
1119	United States	0.6901093411721365
841	United States	0.7613317701027914
1104	United States	0.6972136462142884
443	United States	0.7931322413233033
719	United States	0.7736725857575184
2321	Egypt, Arab Rep.	0.2303987097826493
2022	Mexico	0.4739159633437382
887	United States	0.755452159189868
1138	United Kingdom	0.6813604780408994
2307	Egypt, Arab Rep.	0.2462485991923847
2251	Pakistan	0.305238349422395
1920	United States	0.50704820473014
1201	United States	0.6504172414627762
1877	Canada	0.5162380000076464
183	United States	0.8052710243609977
1840	Canada	0.523588032410412
179	Slovak Republic	0.8054447713847595
552	United States	0.7868283918306728
2154	China	0.3857832039883022
784	United States	0.7679895593756133
1280	United Kingdom	0.6257984122534456
2287	Egypt, Arab Rep.	0.2700151254674858
2108	Malaysia	0.4220830004910734
2094	Viet Nam	0.4365090276514115
2079	Viet Nam	0.4473340103474824
2013	Viet Nam	0.4787751847771932
109	United States	0.8080280396863654
1912	Congo, Dem. Rep.	0.5095425876854122
105	Pakistan	0.8080945641372814
1741	Malawi	0.5417395282670134
1177	China	0.6601751564308823
94	United Kingdom	0.8085908632803936
598	United Kingdom	0.7833097325168592
1596	Malawi	0.5608446701663266
350	Mexico	0.79721256733996
1233	Morocco	0.6414544948269552
287	United Kingdom	0.8006399553210517
716	United States	0.7740991163320486
2061	Viet Nam	0.4594691488879006
1947	Korea, Rep.	0.4999358814642866
1906	Korea, Rep.	0.5108004362327725
1722	Korea, Rep.	0.5438534607207628
1369	India	0.6004858203534477
306	United Kingdom	0.7995516808970666
460	United Kingdom	0.7920875983667668
1441	Korea, Rep.	0.5855843774707686
385	United States	0.7958751566493405
790	Estonia	0.7673602732114804
1859	Japan	0.5202171495227532
1850	Congo, Dem. Rep.	0.5214643760168317
1643	Congo, Dem. Rep.	0.5546488963830195
665	United Kingdom	0.777544148873376
1392	Malawi	0.5954785647604222
682	United Kingdom	0.7762070631885046
741	Cameroon	0.7717972591630791
1773	Congo, Dem. Rep.	0.5365810107645204
202	United States	0.8045712068318777
1618	Congo, Dem. Rep.	0.557814958856249
549	United Kingdom	0.7870317418188795
885	Portugal	0.7555512683739508
1857	Japan	0.5202339594730395
1245	Japan	0.6368733046250178
833	United Kingdom	0.7626783808347521
316	United Kingdom	0.7990872685976006
726	United Kingdom	0.77303243260309
1145	United States	0.675252803396309
1768	Japan	0.5372910350574351
1284	Colombia	0.624423960414327
125	India	0.807457341870804
268	United States	0.8018801949785362
1627	India	0.5562889068297876
546	United Kingdom	0.7871510661626321
1437	India	0.5864057886508036
153	United States	0.8063871512413905
1019	United Kingdom	0.7301997274981453
1930	Viet Nam	0.5048713911768691
1472	Viet Nam	0.5790060264415132
458	United Kingdom	0.7922720828131273
732	United Kingdom	0.7725170293355795
1862	Japan	0.5195784364061347
1814	Japan	0.5283193932480249
1626	India	0.5564437696580459
1299	China	0.6191860994196305
32	Cameroon	0.8109466112140873
915	Pakistan	0.7521623098091991
1581	India	0.5619398722926054
305	United Kingdom	0.7996579717601531
593	United States	0.7836915777535141
1732	Malaysia	0.5426700691341148
753	United States	0.7706855582286471
1704	Thailand	0.5464757651826528
1611	Thailand	0.5589459462539922
370	United States	0.7964550437754251
1066	United Kingdom	0.7121746463834401
1653	India	0.553342350927819
248	United States	0.8026196546034222
1311	China	0.615709494577086
455	United Kingdom	0.7923611310246963
483	United Kingdom	0.7905774777607955
1852	Japan	0.5210233439177006
389	United Kingdom	0.7957654289121204
1832	Japan	0.5253921342243805
1535	India	0.5673578814684311
1290	United States	0.6211755957720377
140	United States	0.8067894363296226
1175	United States	0.66084427475936
1391	India	0.5958608735740646
560	United Kingdom	0.7863412708924878
1137	India	0.6814400763204496
384	United Kingdom	0.7958965063354445
922	United States	0.7509408982862745
1823	Japan	0.5272645585482667
1688	Korea, Dem. People's Rep.	0.547717895635405
1120	India	0.6895545844282709
44	United States	0.8106585909476317
383	United Kingdom	0.7959783586403343
1554	Thailand	0.564997920935269
843	United Kingdom	0.7611586667137834
1300	Indonesia	0.6188635655395325
288	United Kingdom	0.8005313158828302
291	Slovak Republic	0.8003306577261103
1737	Japan	0.5422211177024123
1458	Poland	0.5810397107170231
839	United States	0.7615652553798583
1430	Denmark	0.5871780399918606
132	United Kingdom	0.8071728904624998
294	United Kingdom	0.8002475882644526
1629	Japan	0.5561944443433993
223	United States	0.8037770563778608
1353	Japan	0.6042105906157937
251	United States	0.8025551598271314
819	United States	0.7641467115212323
2002	Viet Nam	0.4823668005610059
1089	Malawi	0.7016219807589921
1494	Viet Nam	0.5750762684258607
245	United Kingdom	0.8027774090007803
858	United States	0.7586602682712635
2089	Viet Nam	0.4424816418650591
2015	Viet Nam	0.4777007118599868
1804	Cambodia	0.530008038356984
519	United Kingdom	0.7886404711822627
777	United States	0.7684421324279898
1981	Cambodia	0.490080976684088
1971	Cambodia	0.492457455958092
1657	Cambodia	0.5526235386479936
97	United Kingdom	0.8083903922963462
162	United States	0.8061743860874303
1841	Cambodia	0.5230977994584765
270	United Kingdom	0.8017762432282673
1754	India	0.5397135533730144
62	United Kingdom	0.810024591254658
1379	Nepal	0.5985547737727775
708	United States	0.774515534950755
1331	India	0.6099431362171932
46	United Kingdom	0.8105963527990179
978	United States	0.7391942680654748
1973	Cambodia	0.4917922417859945
1941	Cambodia	0.5016089949725441
654	United States	0.779105970901901
677	India	0.7768191377579183
1972	Thailand	0.4918081942697934
1951	Thailand	0.4976788707537489
1895	Cambodia	0.5131970643575359
467	United States	0.7914547860493073
1432	India	0.5870115145673966
156	United States	0.806275171659768
348	United States	0.7972946049930363
1931	Thailand	0.5047702344915115
612	United Kingdom	0.7821804309007884
1908	China	0.5106731642895551
1478	China	0.5780101157935913
172	United States	0.8057639973153765
944	Pakistan	0.7471107355246243
1876	China	0.516470541832279
5	United States	0.8119477066431503
138	United States	0.8069077437657552
1954	India	0.4965556856484853
992	United States	0.7350511764983239
1270	Saudi Arabia	0.6291461707141504
207	India	0.8043774375455788
805	United Kingdom	0.7654570699966498
2077	Viet Nam	0.4489787657030634
2011	Viet Nam	0.4791899849580153
1968	Japan	0.492994389778181
1620	Brazil	0.5575125279361346
584	United Kingdom	0.7842410670794341
1528	Brazil	0.5681020641219534
461	United Kingdom	0.7920720705546415
1216	Brazil	0.6474422114066666
6	United States	0.8119476270085443
522	United Kingdom	0.7885214277751997
1952	Korea, Rep.	0.4967194375631721
1664	China	0.5520553145797721
755	United States	0.7704011238130386
1642	Bangladesh	0.554792739410066
720	United Kingdom	0.7734868741790442
1576	Bangladesh	0.5631530886915745
284	India	0.8006957408878566
1081	United States	0.7052704280262841
1866	Turkiye	0.5187601802064584
242	United Kingdom	0.8029438586643478
1426	Mongolia	0.5876378406099787
1098	United States	0.697954536736958
1116	United Kingdom	0.6905525065506518
2008	Viet Nam	0.4794693184465876
1633	Chad	0.5558710020590972
810	United Kingdom	0.7650924109039435
1243	South Africa	0.6378785824108913
683	United Kingdom	0.776205274531531
1165	United Kingdom	0.6664458916557127
1946	India	0.5002407804461992
1428	India	0.5871919166617625
396	United Kingdom	0.7953075957852292
426	United Kingdom	0.7942371731735076
1845	Egypt, Arab Rep.	0.522628116454396
453	United States	0.7923709216327658
1810	India	0.529007795400839
1529	China	0.5680286952206773
1124	United States	0.6883221007274943
1524	China	0.5685707016580946
194	United Kingdom	0.8047812075088017
1297	United States	0.619561401267894
787	United Kingdom	0.767664691257509
1273	United States	0.6284819199884588
869	United Kingdom	0.7577268632496721
1187	Venezuela, RB	0.6568391236154274
607	United States	0.7824962282104029
662	United Kingdom	0.7777808706582201
1680	China	0.5485723899504413
185	United Kingdom	0.8052091585763352
1673	China	0.5506425011572034
744	Cameroon	0.7714761701126595
1344	China	0.606699430461327
30	United Kingdom	0.8110274337113256
540	United States	0.7875693393228154
2059	Viet Nam	0.4598299032994616
1843	Thailand	0.5228523857930422
1402	India	0.5928722313681236
386	Uganda	0.7958645536083487
1375	India	0.5995839378061907
225	United States	0.8037169970458203
502	United Kingdom	0.789800334975008
1651	Thailand	0.5536957062694092
640	United Kingdom	0.7799483349111554
1507	Korea, Rep.	0.5719218607983514
1463	Korea, Rep.	0.58006622655522
238	United Kingdom	0.803068790314204
1294	Viet Nam	0.6204849042485702
359	United States	0.7968730731521533
964	United Kingdom	0.7419273666820675
1467	Korea, Rep.	0.5796219859835198
462	United Kingdom	0.7919395758976177
1355	China	0.6040887826115293
352	Mozambique	0.7971901856933845
1316	China	0.6137049155288782
382	United Kingdom	0.795999027951246
1188	United States	0.6564264170403808
1903	Japan	0.511201416305334
1487	Iran, Islamic Rep.	0.5761148821891164
762	United Kingdom	0.7698274094433587
1348	Russian Federation	0.6055165356052896
582	United Kingdom	0.7842704537778974
1263	Sweden	0.6320303023457902
492	United Kingdom	0.7901328193441485
769	Estonia	0.7692451374289465
1782	Japan	0.5352822267778151
436	United States	0.7936044763389709
1516	Korea, Rep.	0.5702882764072065
399	United Kingdom	0.7952938696937398
673	United Kingdom	0.7771804844419312
2101	Malaysia	0.4300918611713669
2029	Malaysia	0.4717065621598126
1929	Malaysia	0.5050263713457428
1917	Pakistan	0.5081123525645697
1828	Pakistan	0.5262558758213529
1783	Pakistan	0.5350759026702263
1617	Pakistan	0.5580434279788387
1461	India	0.5803800444027803
849	United States	0.7601929047550777
874	United Kingdom	0.7572387871502557
1499	India	0.5737807440783045
643	United States	0.7797955937283046
961	United Kingdom	0.7430894724741884
656	United Kingdom	0.7786051951523509
912	United Kingdom	0.7530396097420172
1636	Angola	0.5556847468013651
1308	Angola	0.6163247657614319
264	United States	0.8020809222430845
327	United States	0.7986792435890954
1578	Argentina	0.5624207357747798
331	United States	0.7984571707748359
1057	United States	0.7172683192149749
1813	China	0.5283837444239791
594	United Kingdom	0.7836500977999793
1275	China	0.6276705973718967
283	United Kingdom	0.8007030441028973
293	United Kingdom	0.8002785484745717
1854	China	0.5203665918758942
1632	China	0.5560417183844634
1386	Papua New Guinea	0.5969190386977691
136	United States	0.8069978790868512
696	United States	0.7750774923629099
1479	Poland	0.5777921288345551
10	United States	0.8119061454164385
878	United Kingdom	0.7569281812194796
1788	China	0.5336212351652069
418	United Kingdom	0.794684411959723
728	United States	0.7728824875563671
1922	South Africa	0.5064395696245177
1556	India	0.5648337536037209
79	United States	0.8092492766500082
1356	China	0.6038610984531905
89	United Kingdom	0.8088273611996359
254	United States	0.8024079406362558
1884	South Africa	0.514610220957275
1706	China	0.5464392614303288
1462	China	0.5801552597917476
536	India	0.7877917483116292
1136	Mexico	0.6818879931491213
65	United Kingdom	0.80980366037699
344	United Kingdom	0.7975882433457632
1649	China	0.553872217894258
1184	Russian Federation	0.6578519577827289
714	United Kingdom	0.7742050407298067
1087	Portugal	0.7027439294139526
1630	India	0.556144279266316
336	United States	0.7982813589149195
938	India	0.7482226878686845
1879	Nigeria	0.5161314812823617
1631	China	0.5561367083123255
106	United Kingdom	0.8080674572455706
376	United Kingdom	0.7960745217368191
1742	Nigeria	0.5413299175480264
772	United Kingdom	0.7688485710778113
1640	Nigeria	0.5549512009522416
1227	Philippines	0.6431075735102616
107	United States	0.8080661170511192
558	United States	0.7864840399754077
1502	Nigeria	0.5727054245153984
737	United States	0.7720373972954747
1349	Nigeria	0.6051894195685238
957	United States	0.7438695032996513
1212	Nigeria	0.6482359276943709
309	United States	0.7993225230450859
507	United States	0.7893366044232861
1985	China	0.4894652092400006
1932	Mozambique	0.5041371946263395
1905	Mozambique	0.5109421609365411
113	United Kingdom	0.8079286902729503
1869	Mozambique	0.5184340622056478
1808	Mozambique	0.5296190062067474
969	United States	0.7409145542344544
1671	Mozambique	0.550882265286594
11	United Kingdom	0.8118417099935997
1385	United States	0.597731016541522
8	United States	0.8119455584161629
493	United States	0.7900377924431541
1825	South Africa	0.5267648847692349
1213	United States	0.6482331659515335
680	United Kingdom	0.7763071097425542
1202	United States	0.6504106497934372
788	United States	0.7673721007830722
831	United States	0.7628481274899526
1659	South Africa	0.5525348465047638
54	Portugal	0.8103156640193282
1545	China	0.5658651161816479
1444	India	0.5853312521344733
470	United Kingdom	0.7913957549588392
575	United States	0.7848991043447
1497	Somalia	0.5743632174090728
87	United States	0.8089952656262758
649	Cameroon	0.7795368997969881
1918	Kenya	0.5077154799788173
464	United States	0.7917979315801312
501	Ethiopia	0.7898048828871328
1982	China	0.489990283151431
31	Finland	0.8110112970649611
47	United Kingdom	0.8105317742115684
2041	Korea, Rep.	0.4665242470244562
1942	Korea, Rep.	0.5013229413372745
1865	Korea, Rep.	0.5192924947584653
204	United Kingdom	0.804484084409046
1801	Korea, Rep.	0.5308137156520337
7	Finland	0.8119458237243021
71	United States	0.8094826859356411
1870	India	0.5182649500631181
1762	India	0.5382570334740415
1605	India	0.5591708492153589
210	United States	0.8042102732082037
1457	India	0.581398110108386
285	United States	0.8006918307042789
718	United States	0.7737154393161639
1690	India	0.5475874786646748
142	India	0.806751301239186
1679	India	0.5489421044016676
95	United Kingdom	0.8085405793010283
935	United States	0.7487885775131838
1793	India	0.5324254581799847
137	United States	0.8069839024927402
1403	China	0.5928219992930421
1111	United States	0.6941426042669827
1390	China	0.5959761715174466
260	Pakistan	0.8022369248601657
263	United Kingdom	0.8021134597001469
2037	Germany	0.4677311146812625
1781	Brazil	0.5353584286363492
1381	Portugal	0.5983306655431755
343	United States	0.7977890499951954
486	United States	0.7904803907004251
1490	Brazil	0.5758552757233375
9	United States	0.8119319941520733
56	United Kingdom	0.8102775378327981
1980	Russian Federation	0.4903915287028059
1678	Malaysia	0.5494699891323882
638	United States	0.780136211694308
1582	Malaysia	0.5618909067455822
40	United Kingdom	0.8107144461682757
1167	United Kingdom	0.6660437890349158
1863	Russian Federation	0.5194760996427195
879	United Kingdom	0.7567645256532961
1718	Nigeria	0.5443770930997072
1697	Nigeria	0.5470384636032052
526	United Kingdom	0.7882749244616204
644	United Kingdom	0.7796916915606489
1714	Niger	0.5451768859500826
198	United Kingdom	0.8047134173398754
1410	China	0.5909869774034439
497	United States	0.7898921905502799
1230	China	0.6428192709853028
326	United Kingdom	0.7987081476114547
653	United Kingdom	0.7791333016494858
2193	Pakistan	0.3607218983076884
779	United States	0.7683007775366832
2138	Italy	0.399736843982341
988	United States	0.7358009070436801
2043	United Kingdom	0.4659165822726226
2348	China	0.0922721659317313
2343	China	0.1512852421050944
2320	Egypt, Arab Rep.	0.2307293308260029
1073	United Kingdom	0.7087682707450067
2313	Egypt, Arab Rep.	0.2343677097184435
2245	Korea, Rep.	0.3112335006614372
380	United Kingdom	0.7960100323285945
2203	Indonesia	0.3550797481418674
778	India	0.768404041261294
1785	Pakistan	0.5345172923309962
64	United Kingdom	0.8098272852394293
1314	United States	0.6143948052837015
2291	Egypt, Arab Rep.	0.2669446826127826
850	United States	0.7601004662706814
2284	Egypt, Arab Rep.	0.2726661812147857
1194	United States	0.6541000781526157
1209	United States	0.6489087971536173
1176	United States	0.6604976541671577
1200	United States	0.6519609027057909
2336	China	0.1805639113522761
2325	India	0.225975015938802
2124	India	0.4077947569381606
76	Slovak Republic	0.8093336834077406
2090	India	0.4413419274699333
2075	Pakistan	0.4496047836423201
1736	India	0.542301052381274
1533	Indonesia	0.5676413319164345
244	United States	0.8028115957452142
322	United States	0.7989176644816511
1621	Pakistan	0.557364951810205
447	United Kingdom	0.7927190377432267
1370	Nigeria	0.600319046148511
346	United Kingdom	0.7974860256456904
1282	China	0.6255074607183072
276	United Kingdom	0.8014981402562101
1207	China	0.6494735344349079
482	United States	0.7906365342434057
872	United Kingdom	0.7575253681355285
2056	Pakistan	0.4610371765087783
1885	Pakistan	0.5144759962301226
1465	Madagascar	0.5797354782781045
401	United Kingdom	0.7952457527613797
1339	Kenya	0.6072441227616086
675	Estonia	0.7769021523478272
1100	Cameroon	0.6976303541562203
1511	China	0.571427039700132
637	United Kingdom	0.7801957234320598
1506	China	0.5719228967362747
15	United Kingdom	0.8116439436008731
1460	Saudi Arabia	0.5805916259807902
52	United States	0.8103840434986687
1293	Israel	0.6205649710309509
400	United Kingdom	0.7952909515559727
975	India	0.7395327513132737
2028	Pakistan	0.4717738230636406
213	United States	0.8041130261031052
1587	China	0.5615767268820689
893	United States	0.7549862409301169
896	United States	0.7546427305727242
2078	India	0.4475056118628355
2019	India	0.4752364355324955
1541	India	0.5664334143798818
404	United Kingdom	0.7952157661660155
446	United States	0.7928080371090548
1988	China	0.4876528606899563
516	United States	0.7887731362044873
1503	Iran, Islamic Rep.	0.5724953049579885
1109	India	0.6949625417425548
353	United Kingdom	0.7971390051530499
367	United Kingdom	0.7965249529393529
1450	China	0.5827728133616722
345	United States	0.7975454894005354
1040	United Kingdom	0.7220316863261446
2076	India	0.4492595879788666
1882	United Kingdom	0.5147356069263281
1493	China	0.5751753439112844
630	United States	0.7807508327449566
987	India	0.737105449649307
1757	Poland	0.539343589576829
883	United Kingdom	0.755981680235299
1397	Norway	0.5941734787853908
205	United Kingdom	0.8044832417829083
280	United States	0.8009970213515906
1970	China	0.4925129382748548
1378	United Kingdom	0.5992472197503673
449	United Kingdom	0.7926726274499647
1183	Argentina	0.6582250010042011
317	United States	0.7990581791688439
994	United Kingdom	0.7349742053746433
1897	China	0.51252187751364
77	India	0.8092990105692898
320	United Kingdom	0.7989667877722693
2292	Peru	0.2640200440502369
2127	Mexico	0.4069063847072045
984	United States	0.7377756960626768
1054	United Kingdom	0.717911634168103
2211	Peru	0.3506273609428713
1654	Germany	0.5530809575664818
678	United States	0.7767383211458061
1110	United Kingdom	0.694412407343426
2080	Nigeria	0.4471705111548432
473	United States	0.7912144861602884
791	United States	0.7673344635067975
2328	China	0.2195431044033552
2141	India	0.3968981384310917
278	United Kingdom	0.8011749635309418
1046	United Kingdom	0.7201257415549199
2201	Kyrgyz Republic	0.3551762721928443
1244	United Kingdom	0.6374934547952368
2182	Russian Federation	0.3688199178531222
2144	Russian Federation	0.3919222986163334
625	United Kingdom	0.7811134917288908
2118	Ukraine	0.4119931214961797
1488	United Kingdom	0.5760661814545173
2113	Georgia	0.4162000203771722
1451	Russian Federation	0.58274210523032
275	United Kingdom	0.8016077775093097
1295	China	0.6202561476261413
442	United States	0.7932015361216849
616	United Kingdom	0.78183136076191
1967	India	0.4932183863945362
4	United Kingdom	0.8119750628130455
1068	United Kingdom	0.7115724869286695
2162	China	0.3805207794797413
1132	United Kingdom	0.6841490283319432
2111	China	0.4186193244312299
124	United Kingdom	0.8074680473831187
1000	United Kingdom	0.734224547520707
2344	France	0.140193981741742
2260	Morocco	0.2967156882760304
405	United Kingdom	0.7952000878840302
1083	United Kingdom	0.7048011775689322
2293	China	0.2638531063108872
2265	China	0.2928391452662707
2217	Algeria	0.3391132069300835
1065	United Kingdom	0.7121828614750141
1939	Brazil	0.5021744682544081
771	United Kingdom	0.7690242972808706
1032	United States	0.7261408400000589
2242	China	0.3142355553138706
2194	China	0.3606047792651621
823	India	0.7637782159962829
2139	China	0.3988986455856974
437	United Kingdom	0.7935921284062277
619	United States	0.7817271466448968
2198	China	0.3576133764062731
776	United Kingdom	0.768599609508372
2155	India	0.3854497691138062
853	United Kingdom	0.7594614611842507
2135	China	0.4030413498067002
1084	United States	0.7047989150794034
2104	China	0.4248346859240559
531	United Kingdom	0.7879975338444117
603	United States	0.7829026937739899
2279	China	0.2784913021562241
2051	China	0.4634097809876634
393	United States	0.7955347347876082
1106	United Kingdom	0.695876610724933
2270	China	0.2899685116568103
2181	China	0.3694318973609172
63	Finland	0.8099956574820795
2140	China	0.3978903191099575
456	United Kingdom	0.7922990285429786
739	United States	0.7719046741144214
2261	China	0.2961545615023698
2102	Iran, Islamic Rep.	0.4293431988988761
504	United Kingdom	0.7896592862167624
1489	India	0.5759756118395936
851	United Kingdom	0.7598693009415673
1153	United States	0.6723754340294001
2210	China	0.3506299492946036
1873	Brazil	0.5173453535952608
274	United States	0.8016154879474771
1795	Brazil	0.5318228726534838
377	United Kingdom	0.7960388869468084
826	United States	0.7634417769662345
1925	Ethiopia	0.5060194682152604
360	United Kingdom	0.7968673912505692
1205	Japan	0.6495619821266846
121	United Kingdom	0.8077257848824316
959	United States	0.7435884879030707
2353	China	0.0248301756108985
2337	Angola	0.1794591598421538
2316	China	0.2335514955409308
2277	Korea, Rep.	0.2816516380705597
2119	United States	0.4116234249379242
2016	United States	0.477682853394521
2072	United States	0.4519878109203088
863	United States	0.7582749040240992
2038	United States	0.4675867306970235
618	United States	0.7817775233828823
2035	Costa Rica	0.4681423663157031
1368	United States	0.6006695454433036
1440	United States	0.5855946550754644
196	United States	0.804757495388879
1376	United States	0.5994217992910876
2276	Korea, Rep.	0.2830241987190691
2271	Philippines	0.2884783026967692
1894	Korea, Rep.	0.5132100561275288
1755	India	0.5394686036790861
628	United Kingdom	0.7808838961051089
1553	China	0.565123449853075
303	United States	0.7997113164947918
601	United Kingdom	0.7830219216984289
1764	Korea, Rep.	0.5379180253471337
636	United Kingdom	0.7802257694353681
1536	Mexico	0.5671788802598234
1094	United Kingdom	0.7002396733818843
1350	United States	0.6050748114819677
476	United States	0.7909275176271471
1150	United States	0.673126797396561
529	United Kingdom	0.7881278220575734
661	United States	0.7778624963989292
2147	India	0.3912667612293743
989	United States	0.735743247232352
1919	Spain	0.5073273650384036
563	United States	0.7858516937137123
1074	Canada	0.7081214752567904
2272	Thailand	0.2848743662040217
2152	South Africa	0.3872153413839929
906	United States	0.7536490555113586
1208	United States	0.6493009747227925
2263	Thailand	0.2949354251005605
613	United States	0.7821436379100796
1203	United Kingdom	0.6502488572463587
2312	China	0.2369051933511725
2238	Iran, Islamic Rep.	0.3185162303070363
261	United States	0.8021385398500908
2190	Iran, Islamic Rep.	0.3614939803237476
545	United Kingdom	0.7872243725802684
1743	Germany	0.5412393225928668
178	United Kingdom	0.8054979461778002
860	United Kingdom	0.7585617790693561
2305	Turkiye	0.2486000852873183
2283	Serbia	0.2757649364609318
2172	Netherlands	0.373753879144284
676	United Kingdom	0.7768735372922017
991	United States	0.73511654596317
2204	Serbia	0.3550279802627212
1105	United Kingdom	0.6966847991681592
2166	Germany	0.3789132036357643
562	United States	0.785900410854717
1129	Cuba	0.6850254800806965
804	Pakistan	0.7656648323279599
815	United States	0.7645373378996368
2303	Turkiye	0.2501657256180986
2216	North Macedonia	0.3440399524251042
2131	North Macedonia	0.4034890151416652
998	United States	0.7344091866100655
2088	Turkiye	0.4428932519681779
1085	United States	0.7041254762872515
1999	India	0.4838769224498795
296	United States	0.8001321591241922
1160	India	0.6689589073845184
2187	North Macedonia	0.3639226336581395
713	United Kingdom	0.7742287341748161
2186	North Macedonia	0.3641459711807961
993	United States	0.7350309530054557
2178	North Macedonia	0.3705739599686261
1039	United Kingdom	0.7227403470172327
1161	United States	0.6684086004179378
2252	Turkiye	0.3050467024463417
698	United Kingdom	0.7749356381357081
2218	Turkiye	0.3380290324694022
875	United States	0.7572279003277751
2125	Dominican Republic	0.4075463329313385
553	United States	0.7868188594549661
2042	Guatemala	0.4662344312775466
544	United Kingdom	0.7872245611252926
905	United Kingdom	0.7536920026651563
2333	Angola	0.1908881153599395
2205	China	0.354761539863692
1114	United Kingdom	0.6908291819904452
1608	Ireland	0.5590219316019429
324	United Kingdom	0.7988562439549184
674	United States	0.7769430998340937
2327	Angola	0.2230545853593878
2192	Paraguay	0.3607671561343655
514	United States	0.7888336293115585
2095	El Salvador	0.4346624318515056
189	United States	0.8050219189026546
1707	Venezuela, RB	0.5462148033957205
101	United States	0.8082693560682641
1259	Venezuela, RB	0.63334398836922
1127	United States	0.6863828514681105
1158	United States	0.6695514827465598
2295	Angola	0.2621844085062488
2257	China	0.2998112175559885
1944	South Africa	0.5008547899608117
155	United Kingdom	0.8062950059694542
980	United Kingdom	0.7389747885684285
2159	China	0.3832620638253483
451	United States	0.7926217378727469
1896	Russian Federation	0.5129491184324643
1709	Kazakhstan	0.5456991779002942
1112	United Kingdom	0.6938836709500971
1394	China	0.5951692478437054
525	United States	0.7883342346252175
1028	United States	0.7283416957648317
1752	Uzbekistan	0.5398616230566226
57	United States	0.8102309978039212
1043	United Kingdom	0.7211744407269474
2288	Angola	0.2699896613364286
2143	Angola	0.3950155276995949
811	United Kingdom	0.7650526589662603
2030	Zimbabwe	0.471355627036059
505	Hong Kong SAR, China	0.7895548737648677
1588	United Kingdom	0.5615600859763863
566	United States	0.7856512310562728
1053	United States	0.7181812500465875
2161	Spain	0.3807897746854417
748	United Kingdom	0.7713308278569845
2160	Colombia	0.3811634138005029
1962	United States	0.4946824184724087
481	United Kingdom	0.7906777262047276
1639	Cuba	0.5550382111897406
1097	United States	0.6995167242064334
1220	Cuba	0.6460675109540593
485	United Kingdom	0.7904872400118464
1041	United Kingdom	0.7218212704247867
2120	Colombia	0.4106003708887984
1414	United States	0.5904194965675762
2032	Haiti	0.4703220991595675
1135	United States	0.6821530190546078
1211	United States	0.6486732255451289
2352	China	0.0626388679857078
2296	Argentina	0.2592318607745227
2047	United States	0.4652545360261063
1151	United States	0.6729954865675568
1197	Mexico	0.6536197565056648
36	United States	0.8107730200623436
347	Canada	0.7973097207859445
2243	Brazil	0.3115019375370185
2097	Mexico	0.4318276572458971
634	United Kingdom	0.7803302510136138
1901	United States	0.5116024855196212
218	United Kingdom	0.8038902067621132
1719	United States	0.5442974514754136
237	United States	0.803075580116971
986	United States	0.7372747583361573
2208	Brazil	0.353715841877461
580	United States	0.7843134061003261
1957	Brazil	0.4958868470314864
1237	United States	0.6397426339436074
1759	Colombia	0.5387837055938403
886	United States	0.7555090724067135
1117	United Kingdom	0.6905507102283563
2339	China	0.1751641819016537
2289	India	0.2681904167184783
234	Mozambique	0.8032150403799334
2266	India	0.292447024605774
407	United States	0.7951145366030266
2256	Japan	0.2998887276922076
1025	United Kingdom	0.7291995476234829
2253	Brazil	0.3030670051769402
2099	Brazil	0.4303779464913392
693	United States	0.7752935280374639
1015	United States	0.7308972114584635
2185	United States	0.3643051354378315
1940	United States	0.5016506226376702
862	United States	0.7584265571681932
1055	United States	0.7178448811840579
2137	United States	0.3999566504102305
914	United States	0.7528933723367135
1206	Nigeria	0.6494973958034289
990	United States	0.735627720569504
1012	United States	0.7316129111583684
2335	China	0.1850069543399375
2326	China	0.2239638698437743
2281	Ghana	0.277424766064214
913	United Kingdom	0.7529348985688971
2175	China	0.3707921956221851
750	United States	0.7710736413722502
2134	Afghanistan	0.4032537704975762
195	United States	0.804761134083148
2096	Afghanistan	0.4324464268949248
215	United States	0.8040461434745559
1058	United Kingdom	0.7168326894291329
2318	India	0.232821570943616
2209	China	0.350980433137513
1059	United States	0.7164963085655746
2109	Bangladesh	0.4200524037417299
968	United States	0.7412276085797801
1991	India	0.4867109975770902
469	United Kingdom	0.7914174554807373
870	United States	0.7577039772422672
2309	India	0.2448175998002888
2301	Angola	0.2525477179486101
2167	India	0.3779584077791447
1063	India	0.7129075984122013
1093	United Kingdom	0.7006238935860106
2199	Angola	0.3566619408945769
615	United Kingdom	0.7818853732242171
1878	China	0.5161773280956468
88	United States	0.8089116504675763
1738	United Kingdom	0.5419424403679522
2306	India	0.2467589470513832
2259	India	0.298526384180465
2214	India	0.3458814558493889
960	Slovak Republic	0.7431972960240552
2183	China	0.3679886889983172
1336	United States	0.6087870438397701
2107	China	0.4231257792600437
2007	China	0.4796772322192967
543	United Kingdom	0.7872341152400159
595	United States	0.7836411728318722
2086	South Africa	0.4445482865352831
68	United States	0.8097338100973256
920	United States	0.7512184788319662
2237	India	0.3199213242230095
608	India	0.7824751082208172
2222	Australia	0.3277478017716143
956	India	0.7439527020788664
1180	United States	0.6591506333772276
2299	India	0.2560817346648451
2188	China	0.3638411576776559
515	United Kingdom	0.7887756769458708
2158	China	0.3842351568068714
573	South Africa	0.7850956813161343
2148	India	0.3898870463368858
114	United Kingdom	0.8079015250179737
1998	Mexico	0.4845989125295254
1003	United Kingdom	0.7337286822378146
1569	Venezuela, RB	0.5640482233863708
239	United Kingdom	0.8030354416982187
809	United Kingdom	0.7651657213781424
2255	India	0.3007821081841944
2142	Zimbabwe	0.3954322626922943
901	United States	0.7542344309696138
933	United Kingdom	0.7490045466043762
2170	China	0.3744782569565361
335	Slovak Republic	0.7982913333891986
1887	Indonesia	0.514144186032316
150	United States	0.8064341871722202
699	United States	0.7749328725337934
2334	Egypt, Arab Rep.	0.1896974524247773
2314	Egypt, Arab Rep.	0.233798378099686
2228	Egypt, Arab Rep.	0.3230344448514743
845	United States	0.7608491111124369
2180	China	0.3696871415491365
18	United States	0.8116057608728943
846	United Kingdom	0.7606033105619382
2258	India	0.2989108926443885
965	Zimbabwe	0.7416109560806056
2110	India	0.4186811481234584
12	United Kingdom	0.8117529744508717
2070	India	0.4523026820259304
624	United Kingdom	0.7811193633828669
2055	India	0.4612875880565659
555	United Kingdom	0.7866977167220714
747	United States	0.771403363563693
2322	China	0.2289839050692464
2298	China	0.2579954044901449
2213	Egypt, Arab Rep.	0.3495177204471665
1418	China	0.5895021807404764
742	United Kingdom	0.7717645548682515
958	United States	0.7437505392069659
2200	Egypt, Arab Rep.	0.3555569976482584
2071	Viet Nam	0.4521981210012133
1155	United States	0.6708127557563199
2049	Thailand	0.4651086726086605
429	United States	0.7938837587880152
2020	Viet Nam	0.4748001639593231
1721	Japan	0.5439963932106179
509	Angola	0.7892816271052482
1614	Japan	0.558512538626265
1240	Japan	0.6393724350355222
34	United States	0.8109024426328597
945	United States	0.7469387920842621
1484	Japan	0.5766240926780902
1196	United States	0.6538153837010646
1	United States	0.8121623798432412
700	United States	0.7749211407783235
1219	Japan	0.6464445055537753
951	United Kingdom	0.7452191236045377
1157	India	0.6696752832619399
355	United Kingdom	0.7971051235141087
692	Malawi	0.7753199086759478
1913	Uzbekistan	0.5094055040878759
474	United States	0.7911351685613642
801	United Kingdom	0.7658172512661066
2083	India	0.446321758303291
1060	United States	0.7159465698206886
1851	India	0.5212903409154668
329	United States	0.7984770438246883
867	United Kingdom	0.7578334513048791
2268	China	0.2913277941297295
2184	China	0.3649940637563674
441	United Kingdom	0.7932116293073911
2126	China	0.4072854603574311
90	United Kingdom	0.808820163346826
167	United Kingdom	0.805952064194282
2191	Indonesia	0.3608326235665729
369	India	0.7964591083367936
2132	Indonesia	0.4033855370323881
1532	United States	0.5677779488644195
2105	Indonesia	0.4239885563390664
599	United Kingdom	0.7831691251674981
1079	United States	0.7058767010842556
2317	India	0.2333370344513399
2273	India	0.2847864388930725
2207	India	0.3538447763249109
717	United Kingdom	0.7740534942700691
1992	Thailand	0.4861612573271089
792	United States	0.7671600453688018
898	Australia	0.7544579116021667
2247	China	0.3088786983387377
1325	United Kingdom	0.611413641947728
2114	China	0.4152016874429176
115	Ethiopia	0.8078913241192811
2033	Nigeria	0.4703044808679898
550	United States	0.7869847526501537
1324	United Kingdom	0.6115481220228391
2285	India	0.2713879897833046
1842	India	0.5230617469819241
478	United States	0.7908428381686667
1071	United States	0.709887750698841
2282	India	0.2761641581074675
1676	Romania	0.5498980802948908
227	United Kingdom	0.8035958698992293
941	United States	0.7477164554759204
2212	India	0.3504859901518285
2057	China	0.4603554736635742
704	Pakistan	0.7747290324046228
796	United Kingdom	0.766640450745932
2150	Italy	0.3893172546117068
689	United Kingdom	0.7754621343028374
1017	United Kingdom	0.7303205101113639
