Node	Time	Old_population	New_population
67	0.7715433011896441	79	52
272	0.7604714173348548	195	176
596	0.7589930528466556	133	195
685	0.7399787913992572	64	86
398	0.727485141805498	64	195
583	0.718652672219778	133	101
41	0.7174407665594633	195	24
443	0.7134590546726901	195	30
44	0.7057999928866726	86	14
177	0.7005614048762269	59	195
591	0.6990824244866087	0	1
768	0.6989505917224735	195	81
647	0.6922670545276481	195	40
586	0.6914356319075392	183	167
102	0.6907376097344243	30	41
661	0.6893722058549627	195	101
496	0.6827538130710793	195	93
997	0.6821273562290521	84	64
854	0.6807951341962803	199	39
793	0.6803346859343294	195	91
955	0.6797078183380358	24	5
578	0.6788650438856397	50	46
598	0.676420564889284	0	86
1013	0.6761228326988773	24	196
164	0.6755132546180855	79	195
19	0.6752768999295391	195	41
701	0.6750787956404931	195	64
994	0.6744704094626028	6	24
714	0.6740973662411306	160	0
391	0.6723588238896353	24	56
926	0.671330957734806	54	187
702	0.6713090505369501	46	195
84	0.670102291691439	79	195
347	0.6698651649640666	133	195
1078	0.6697563260011106	6	133
424	0.669534250274338	56	3
990	0.6657428042618306	138	54
872	0.6657189428933096	0	86
507	0.6644813361527726	138	67
680	0.6644785744099352	195	133
289	0.6640767398148217	133	40
368	0.6629927055130448	133	195
485	0.6623129194124611	41	30
20	0.6618590257139237	133	30
1036	0.6618058912977032	62	0
373	0.6591021120266409	24	152
287	0.6576999032853569	115	62
34	0.6556178434939239	93	101
679	0.6551560615819632	199	195
1165	0.6541239908692931	206	207
1145	0.6531187130834195	93	195
513	0.652941893906197	40	195
221	0.6529299920009128	64	0
1038	0.6527181666095223	150	93
859	0.6524654850426725	79	24
131	0.6516781905224552	168	46
1005	0.6515529860462654	199	195
212	0.6512663417135078	15	194
511	0.6503117824665381	30	133
73	0.6499947799183141	39	195
1158	0.6495893968276217	199	195
936	0.6494544437451215	133	195
645	0.6491622513424349	195	9
769	0.6482757108041919	166	58
672	0.6475420639239061	133	93
694	0.6466583099860542	46	80
1234	0.6456499554284325	64	24
805	0.6453915791725521	162	86
182	0.6448442077250935	23	24
766	0.6442811364227266	24	0
283	0.6439160058302984	0	14
1096	0.6436458615802244	146	40
334	0.6433767791500087	195	73
55	0.6428127795814962	195	24
1070	0.6412972027532783	195	141
1010	0.6405187839942679	24	39
865	0.6397732363418148	82	189
1175	0.6374210042304395	195	133
1214	0.6369462782649196	133	195
400	0.6368103794893526	85	92
442	0.6365015560845431	0	202
579	0.6359736725945201	93	9
915	0.6354315078780323	0	151
828	0.6350718580650903	133	24
428	0.6341130068958001	6	24
686	0.6337811156774548	30	93
174	0.6334071001335453	150	93
902	0.6333657791309772	24	56
641	0.6332933045498546	152	46
264	0.6325701742198336	5	41
650	0.6325692316630124	166	111
1251	0.632014559104117	133	195
483	0.6319549030354877	0	158
947	0.6317699462673644	195	79
229	0.6303448618327154	90	195
382	0.6299503239872799	0	86
1030	0.6296578900037466	0	86
1281	0.6290785604982264	24	6
1298	0.6290220127397235	30	195
611	0.6286954381723106	24	195
983	0.627651311423853	79	195
658	0.6272808583540214	199	133
378	0.626693375708671	36	24
250	0.6264523545607296	83	100
763	0.6259039544990158	24	6
439	0.6251169104911021	195	150
724	0.6247066437721512	9	83
158	0.6237483236879748	0	87
1100	0.6234895312200103	94	37
290	0.6230117932662615	64	80
190	0.6228468682852965	54	57
1192	0.622745241890774	114	54
567	0.6221085556362884	79	195
957	0.6214348280269255	138	64
201	0.6209460603293498	74	195
806	0.6206924581726107	195	183
819	0.6204559990741955	93	160
89	0.6201065069115922	0	160
538	0.6193560102094258	81	195
767	0.6192201181435207	133	24
592	0.6190378047182021	199	195
1321	0.6183669642089776	6	24
1107	0.6179784389798724	39	195
302	0.6179119351202659	195	36
585	0.6177217436813977	129	54
856	0.6171727414672598	0	86
1282	0.6165644546069127	138	57
1099	0.6162524967445018	39	52
100	0.6162034983160395	189	86
328	0.6156071235144827	62	24
449	0.615492628208769	64	115
1331	0.6148001822311793	142	86
343	0.6145760740015772	154	5
1246	0.6144671845160868	193	160
1229	0.6142166021344521	195	23
795	0.6141881330688517	101	93
8	0.6139764249999238	195	8
937	0.612342419450349	6	195
263	0.6122215799758484	0	86
560	0.6121062820324663	86	0
1028	0.6114146563021071	0	184
205	0.6104188872437926	141	189
82	0.609985355363488	56	151
1077	0.6096464860468778	24	195
1031	0.6096364137227678	86	0
1292	0.6093253099467645	82	56
386	0.6091176398265253	86	0
1111	0.6090674077514439	0	86
1268	0.6085438040205697	34	152
1009	0.608488832613381	149	9
392	0.6077086715094423	0	165
924	0.6075768099563326	17	160
497	0.6072323858618456	0	5
697	0.6069407805590123	0	87
1186	0.6069405451226194	195	81
1064	0.6069282865163759	24	147
1330	0.6062704900982272	0	162
958	0.6057475891988782	0	90
1343	0.6056990860570504	56	45
1239	0.6055400775678738	195	79
581	0.6050919411681597	79	195
356	0.6050380636472761	24	56
258	0.6049248338337105	50	133
1116	0.6038832490683804	125	0
1405	0.6036053922572084	9	149
132	0.6034234484502623	48	141
208	0.6028091339817493	133	86
134	0.6027369019021889	101	93
642	0.6024328074157854	101	83
118	0.6023213474221264	138	37
385	0.6018297859291704	101	189
148	0.6017916219357681	6	133
953	0.6016977236222744	24	23
605	0.6009537616188088	79	133
313	0.5995587149450449	35	171
1113	0.5994981740776683	0	86
319	0.5994527843922266	17	160
709	0.5992647148542805	138	0
345	0.5990182218200739	0	138
275	0.5989875136887217	160	194
1425	0.598276588608079	146	195
1420	0.5976595601186114	9	195
1293	0.5968370344391919	162	31
1136	0.5964006682501494	0	86
238	0.5963116350136217	101	142
1266	0.5959056931183323	39	133
462	0.5958673944419215	101	150
725	0.5957577738671673	62	24
691	0.5956901278903118	195	133
458	0.5952514348999149	202	183
1332	0.5950161294846911	195	139
1257	0.594780502512351	195	30
395	0.5945692347489547	189	8
532	0.594456400047379	30	195
944	0.594255524251993	0	1
10	0.5940375372929568	152	133
715	0.5934529162473122	24	133
1327	0.592992603891158	195	199
1196	0.592869501136492	93	195
78	0.5926809222394798	189	64
1435	0.5925534746135457	195	133
1153	0.5922210202979953	86	195
9	0.5921006841817392	24	133
523	0.5915281877513536	151	0
245	0.5913216768842624	202	96
495	0.5913145689437318	195	24
814	0.5910227422221483	171	56
321	0.5902300998228386	30	41
643	0.5900261525367062	86	0
758	0.5898097296247043	73	46
333	0.5892089801986767	195	152
1450	0.5887407134163902	88	0
1303	0.5883987430943011	195	24
539	0.588041722643321	17	160
24	0.5877746330185643	133	24
266	0.5871936218584523	0	151
1473	0.5871914568525586	30	195
1384	0.5871637367950705	195	74
1365	0.5871336915415282	195	40
673	0.5865336848656082	101	124
1286	0.5862999749817471	0	192
602	0.5855381226148815	64	90
425	0.5852780827849459	24	156
897	0.5847461717680345	133	74
1305	0.5846908348765867	152	133
461	0.5843474725803551	24	6
180	0.5842285552649915	79	195
322	0.5838867403748362	83	86
141	0.5837160822830221	62	195
1094	0.5834242887182252	133	195
873	0.5831989585271717	133	195
265	0.5830682974139804	62	160
639	0.5829211901291874	9	83
74	0.5824863862167884	152	195
1407	0.5822364472525076	41	24
1497	0.5821105246400496	0	172
895	0.5818614640474076	37	62
414	0.581830353927241	195	101
1404	0.5817460022593849	24	34
1429	0.5816925274342367	46	86
910	0.5815912099240489	46	17
743	0.5814965899140226	151	0
601	0.5813688583114768	0	57
843	0.5812433293936707	183	124
847	0.5812261102891654	195	79
1422	0.5810411142879285	6	36
528	0.5809828341774819	79	195
1438	0.5808861006273023	58	38
499	0.5808836618095496	150	101
622	0.5806944824798245	24	147
972	0.5805734386323849	138	67
60	0.5804181338246691	160	138
1491	0.5803411515992354	81	133
282	0.5803051256562942	195	115
1317	0.5800908246300959	86	54
1557	0.5800138853276835	24	6
1525	0.5797866359390821	195	133
1566	0.5794976762068226	84	160
1081	0.5793984971499763	14	0
1486	0.5787290874470664	199	195
331	0.5786661442331815	6	0
1047	0.5782899880864768	160	86
323	0.5781993325381896	160	45
305	0.5781852807510072	86	140
40	0.5781363152039839	134	83
974	0.5779324776047892	138	137
825	0.5778640645789349	46	166
1313	0.5778455274693242	195	199
427	0.5774986297082099	133	199
1573	0.5773647617677738	30	195
466	0.5772544381464813	56	90
1492	0.5770367620899867	57	151
1276	0.576870191839921	147	24
1483	0.5760980162605275	133	195
1254	0.5754211853315712	8	54
659	0.5753517336954354	152	0
387	0.5753143164173563	56	24
674	0.5752673400603446	84	86
840	0.5752233749345648	117	189
1552	0.5752106651369893	86	151
1066	0.5751913547123939	183	0
22	0.5751766260827887	24	123
1408	0.575075743008182	171	154
35	0.5745257368930804	195	0
1461	0.5742888364372404	151	86
549	0.5740603673146507	31	206
584	0.5737579363945363	24	115
1370	0.5736103602686067	151	94
1482	0.5734926557081733	162	0
1543	0.5733685360288684	195	79
184	0.5728047452074909	24	62
751	0.5725078238857869	194	0
223	0.572439852801801	93	150
1243	0.572116410517499	181	57
1236	0.5720972601641777	39	195
996	0.5720296007475089	133	0
1578	0.5719301552597669	5	6
1374	0.5716729985598915	91	189
1412	0.571315433641231	24	195
1097	0.5712836196481423	41	195
130	0.5710520091683585	62	64
1037	0.5707741885988541	81	40
1288	0.570622433275896	56	86
635	0.5702242217871707	91	195
1630	0.5701176263526597	0	86
1507	0.569941114727811	183	101
1510	0.5695893796974056	79	133
678	0.5693263660248835	46	104
128	0.5687986259136197	0	38
54	0.5687802549631655	206	138
1190	0.568705905201022	17	56
1602	0.5683278260342642	150	93
1642	0.5683007230381738	0	14
1570	0.5682638996602479	137	138
1537	0.5682079054227308	24	133
1171	0.567521461723956	79	195
42	0.5668902404986275	199	39
976	0.5664083355699278	133	195
1446	0.5661888889824953	138	35
638	0.5657153975907899	134	86
95	0.5651875128600693	86	0
1193	0.5647951250620911	152	64
1610	0.5644530081716953	83	86
1550	0.5640336237812044	79	195
171	0.5639671404540709	86	173
1634	0.5638955927007864	24	6
58	0.5637123908933471	0	54
1141	0.5635245504924393	30	73
61	0.5635192077124517	171	71
103	0.5634360171231563	79	64
1645	0.5634115925630282	133	56
1454	0.5633965145501277	79	195
1419	0.5632745305961058	0	56
1693	0.5628908380278577	24	171
1475	0.562740061835039	0	64
1653	0.5627211736410546	183	86
101	0.5624602118541222	199	133
1366	0.5622920136160516	86	124
1112	0.5619445863586959	104	184
623	0.5617930006874975	194	0
1675	0.5617112399481399	56	138
16	0.5616356218452175	93	138
1108	0.5614589445619438	194	57
738	0.5612726414732927	39	147
1417	0.5609409820568766	23	24
1703	0.5607571690915943	138	0
1714	0.5606225015581089	138	137
237	0.5605428599338154	195	6
1369	0.5600988691791645	101	83
1598	0.5598999495849581	24	147
1455	0.5598985542911336	183	202
444	0.559587265624432	90	197
1357	0.5592266720928948	151	0
159	0.5592132478993128	6	156
1656	0.5590915458530816	30	93
1668	0.5589934220475757	151	88
1704	0.5589154775925165	134	183
761	0.5588670386859161	62	195
1575	0.5588036783723047	195	85
1533	0.5585464608396757	86	83
1686	0.5581688802270344	176	79
772	0.5575753260064281	138	86
178	0.5574847310512685	46	64
1449	0.5572646300497308	149	0
1178	0.5571220029783596	91	93
589	0.5570696905596009	205	192
279	0.5570025655030671	62	120
1616	0.5569424939251214	199	195
120	0.5567841616685901	133	195
193	0.556147477034957	101	93
57	0.5561070315150243	197	160
1373	0.5560330619861836	30	6
1646	0.5552397241697304	86	0
1228	0.5548768476535842	30	195
1687	0.5548074020863911	62	86
1761	0.5542698735042758	195	62
1536	0.5541634338055355	101	133
1001	0.5537463222259758	30	195
1662	0.5536714209557214	139	195
430	0.553637466957295	149	9
1627	0.5535364435158369	93	86
1758	0.5529353659890291	150	86
785	0.55284041643372	195	199
1252	0.552355379642194	86	142
821	0.5521406294840822	195	133
147	0.5519380726815389	195	74
1322	0.5518107158378883	83	93
1143	0.5518063836849455	139	41
1636	0.551321311128628	151	0
1164	0.551119219044313	199	195
64	0.5507627007893979	151	0
117	0.5502042259069543	147	24
1745	0.5500287006934447	195	91
418	0.5498666436236086	0	86
1733	0.5491286219122071	24	62
1521	0.5489777509189383	56	64
310	0.5487646638067332	57	67
122	0.5487585667842995	56	86
490	0.5478476724032318	150	0
297	0.5476947330963743	62	86
1725	0.5475082203770083	124	134
71	0.5470591241104354	101	0
1603	0.5462698375963168	176	74
777	0.5462534468153857	96	202
1411	0.5459850490154505	6	24
1700	0.545944047256897	30	93
1680	0.5452532038592407	86	0
236	0.5447799192571188	137	16
594	0.5446291528823808	0	86
1732	0.5445648017064266	93	134
253	0.5443584625610435	133	195
133	0.5443535517053829	41	195
882	0.5442565077502929	76	115
1279	0.5439868351999803	133	39
669	0.5438323712429323	105	86
571	0.5435141291894178	195	24
1688	0.5435099670066684	93	100
417	0.5430189748920917	195	90
1067	0.542826765607777	70	138
354	0.5428171898466084	133	183
1813	0.5425012842797546	151	0
1540	0.542196190181885	149	9
1775	0.5421718144424701	139	86
1644	0.5412963606652232	41	81
1816	0.5409396099292381	30	41
452	0.540822718124273	24	195
1770	0.5403458917495941	41	133
1609	0.5402563914037203	57	62
552	0.5398334408688137	30	39
1754	0.5393432079168782	96	86
1402	0.5390977942514439	183	83
1838	0.5390419603258045	147	6
1810	0.5388735249127977	54	86
1698	0.5385297094389768	86	28
1622	0.5381783798198149	90	169
99	0.536562806569019	39	199
764	0.5364812220318526	86	183
1850	0.5364625579811549	93	31
1345	0.536461533303647	195	0
1835	0.5361499950483307	30	24
1718	0.5357215081011212	160	138
506	0.5355418253671143	56	0
204	0.535537903216867	101	93
242	0.5350055886648601	189	87
844	0.5350033346785388	151	86
521	0.5347212054836359	57	94
1825	0.5346794706640495	135	206
979	0.5336724510495432	115	71
1794	0.5336295985515234	51	0
274	0.5335907620536625	24	196
1746	0.532745101829573	41	151
1729	0.5327450732637686	30	195
183	0.5324834084660481	30	133
1631	0.5323768897407635	138	0
864	0.5321472543061881	6	147
1667	0.5315709762003865	52	195
1757	0.5309810153847299	64	152
1879	0.5308556294156768	206	138
1465	0.5307214046885244	151	17
1121	0.5305174641405832	147	199
1480	0.5300463724626757	35	138
1716	0.5299416071981117	56	23
1727	0.5299081910873742	46	64
1855	0.5297168844303345	195	39
1434	0.5296880779097007	199	24
1786	0.5296611800597701	195	147
1755	0.5294554645859305	101	86
1432	0.5294424728159376	96	0
1752	0.529194526890866	160	193
77	0.5287672859720417	0	88
1871	0.5283067696345162	137	115
1856	0.5281361044013193	78	86
1872	0.5280308306121058	90	51
1874	0.5276996217562772	195	41
1487	0.5274468247637357	93	78
1818	0.5273716256208268	154	76
113	0.5271875693949428	135	206
1859	0.5270458446911742	101	93
1769	0.5269695306339867	161	86
1713	0.5263998276657839	161	194
801	0.5256509125462776	197	160
1776	0.5254218891540843	133	195
1811	0.5249279744051468	133	195
1683	0.5248268748964815	133	39
1854	0.5243577610229714	151	1
1074	0.5235727734968053	56	15
1877	0.5232936131885417	195	30
1890	0.5232409811644753	195	46
1556	0.5226849780829195	206	132
1717	0.522536940150577	16	138
1886	0.5220961074074697	199	190
1684	0.5214756041183677	46	195
1922	0.5212717798041445	134	206
1862	0.5211167996352708	202	93
1908	0.5210156429499132	183	0
1918	0.5203826030847413	135	94
1900	0.5201207919356569	93	90
1898	0.5197413980127882	16	137
1870	0.5175683497956762	101	86
1427	0.5173423042213653	150	149
980	0.5171001984192134	206	135
1845	0.516486188904601	86	54
1888	0.5155339536411905	93	35
1466	0.5148873088336278	52	39
1895	0.5139242792121506	183	96
1664	0.5129648460215738	101	83
1935	0.5128212945212428	62	16
1815	0.5121966944207437	30	133
1237	0.512132255489888	24	46
1604	0.5115374967834484	46	8
1880	0.5113063182801884	195	6
1847	0.5100136756188088	15	46
803	0.5096161236499016	56	45
1952	0.5092397982365827	93	101
1950	0.5088158431630669	199	52
1954	0.5080536027281951	183	86
1972	0.5080376502443962	96	183
1072	0.5076771383323561	123	0
1291	0.5075130433556714	24	133
1705	0.507305153567935	62	138
1975	0.5071612030833192	199	24
1731	0.5067078694506151	151	0
1678	0.5066369371612076	160	46
31	0.5062356916098327	0	160
1960	0.5057682330906549	195	46
1932	0.5057106176984023	0	135
1503	0.503898269148358	0	88
434	0.5037339351747324	195	0
870	0.5029564060354919	86	0
792	0.5024066657855106	183	133
1471	0.5023783704028439	62	187
273	0.5023253237954187	0	88
1978	0.5019245250283619	152	151
1569	0.5008443209879271	133	6
296	0.5001223309082812	86	0
1983	0.49920283004293764	150	93
2001	0.49636773800665757	149	9
610	0.49623970487928	41	139
1802	0.49614107190877416	30	29
1946	0.49571472690498924	202	86
1477	0.49564140603719603	195	30
1858	0.49556533348466253	93	150
1968	0.49543539341641696	202	93
1635	0.495161291638622	199	195
1399	0.494113277606647	195	74
1804	0.4939461203183885	202	96
736	0.49236367535128267	24	147
1988	0.49148184399089717	86	0
1913	0.4910455724177248	202	183
1984	0.4907800734412403	30	195
1138	0.4901613718021399	133	40
1893	0.490115937541748	62	195
2006	0.4901125453926542	133	30
1715	0.4889372812240854	30	195
1824	0.4889149677562801	30	195
1789	0.4882259805166077	195	24
1587	0.4880192315220423	151	0
1985	0.48795197061821427	134	0
2012	0.48698201559450655	24	199
1211	0.4865675076179692	81	39
1966	0.48444143067693135	64	56
1440	0.48438777477410483	40	81
1781	0.4839765231396642	46	195
2035	0.4838321391554252	195	40
2037	0.4827696554828579	101	46
544	0.48247983973594827	74	195
2004	0.48204656408628554	93	149
1910	0.481754681701098	195	161
1996	0.48166175039778647	195	139
1551	0.48146657302977597	56	46
2052	0.47866934547568407	153	24
1963	0.47759078312940795	199	6
555	0.4775329965149676	86	0
796	0.4766008821219759	0	86
1959	0.47656864045020686	153	133
1903	0.4760753117578633	202	93
2034	0.4758871449864671	46	64
1947	0.4757145573463023	202	101
2044	0.47537770040885896	195	93
2014	0.47512611474241095	46	195
1082	0.4744800871495524	138	106
2058	0.470921707334846	195	153
1911	0.4690464071995016	46	140
2049	0.468443529459615	202	183
863	0.4682332193787105	195	41
928	0.46602023256553626	123	16
1970	0.46550499643726834	86	0
473	0.46341591961324485	138	0
1560	0.46318177307394015	15	189
1002	0.4625889155492628	123	62
1899	0.4616389054496859	57	0
2066	0.4611492628638436	133	30
2023	0.4595176540210944	57	62
1999	0.45913866042657964	189	86
2081	0.45299791317784005	189	15
1707	0.4509078403099073	176	195
215	0.4486918353533265	1	0
2091	0.4474857309185947	133	199
904	0.446420063816259	88	86
599	0.44023396479746807	83	86
2086	0.4393711877184454	0	132
2094	0.43832840894947506	134	202
968	0.4362978122001316	14	83
1000	0.43486473288963157	0	162
1451	0.43244542883557385	66	0
115	0.43144709590131924	0	54
2003	0.4308845132911478	46	152
255	0.4291182277928848	11	0
2113	0.4282385299545814	193	66
262	0.42566820090784574	46	189
954	0.42518617735710346	183	86
76	0.4240401653965623	86	0
167	0.4235308688158328	0	11
984	0.4231517931656062	133	176
450	0.42159542227216507	0	178
403	0.4197431244594817	14	151
998	0.4197344236000669	122	159
315	0.41954115104874706	86	123
195	0.41949917895597794	1	86
410	0.41747278110105046	160	195
988	0.41598225244074266	90	51
2030	0.4112609361579966	5	206
2118	0.40816770707473504	160	193
457	0.40801176202716	133	147
1315	0.40753134224803694	0	151
989	0.407512169687776	86	108
114	0.40613245479528753	86	183
1182	0.40489181095670407	87	195
906	0.40346074984239455	206	135
564	0.40304665968989106	206	135
1280	0.40202861244670385	0	183
853	0.4016951775722079	86	0
2027	0.4016508513277809	133	195
2148	0.4004805652652731	0	86
2160	0.3970351831438434	56	39
2111	0.396766187938143	0	87
1964	0.3966926359403978	90	51
1129	0.395158612094166	46	62
916	0.394117520094654	133	195
17	0.39179360748372555	187	54
1086	0.3903424673742519	86	0
991	0.38999928760268565	140	24
2129	0.3890322106335974	64	46
169	0.3880080703443863	86	0
2134	0.38703760408058674	0	1
409	0.3870126652423045	87	0
1039	0.38681936842702774	122	54
18	0.38593255000753823	0	14
63	0.3856773058193189	0	189
713	0.3801680421165412	122	86
515	0.38008656613605757	0	86
369	0.3770780320249746	83	0
514	0.3770125645927672	156	24
2138	0.3769673067660901	151	0
1508	0.3765156349466616	0	86
2153	0.3758096194052551	138	206
963	0.3757129816198947	0	8
776	0.3738587848646748	0	83
615	0.3729073493529786	5	135
2182	0.37142168065124603	95	160
415	0.3713654466597535	0	151
1785	0.37132515660026905	83	151
2166	0.37127338872112287	159	90
2163	0.370437055212081	3	90
1654	0.366872769401273	147	133
2150	0.3667313986102302	86	3
1418	0.36576312890556817	54	86
1065	0.3553586153884852	51	171
2125	0.3542744409278039	189	3
2121	0.3482719706450905	166	46
2048	0.3466381418393836	0	57
956	0.34399321023001594	9	195
2087	0.3439536889318887	138	35
1247	0.3410191483005981	0	86
2168	0.3403107147054854	24	146
2176	0.34020152297333617	0	87
2180	0.33927985330987603	54	86
2149	0.3392118879396157	1	0
1007	0.33851093230522794	138	37
312	0.33837999024632115	138	0
2123	0.3376566528153104	0	86
2136	0.33727186217680355	123	0
165	0.336864129590943	86	83
2222	0.33616673268141123	86	9
261	0.334761638765438	88	0
2122	0.3345364201608737	0	88
2198	0.33048096377227226	0	86
2097	0.32774734599542016	24	147
2203	0.3274789091198389	101	83
2226	0.3255073836745479	0	24
1325	0.32512410679713943	0	1
2154	0.32148375788079664	151	0
698	0.32129211090474336	189	160
2100	0.31915493194710504	0	178
2142	0.31702751664259604	86	14
2253	0.31613413615060926	93	24
965	0.3151563011027902	86	0
405	0.31296109673443206	115	0
613	0.3111808335589622	183	86
2256	0.3086924330641757	86	93
2151	0.3084006658225172	187	54
2221	0.3066355244624123	124	0
2147	0.3047237111551709	150	86
2152	0.30111977466242335	183	206
2247	0.3010318473514742	86	0
1024	0.2994682204554455	138	135
2272	0.29926960717747075	101	183
2119	0.2978970465289614	101	133
2156	0.2949633640505931	45	28
2250	0.29380761525466487	138	86
2175	0.29367017452261573	67	0
1676	0.29240956656586914	86	0
2172	0.29201034491933353	159	0
1209	0.2889115896731874	54	56
50	0.28704092534616865	3	90
2108	0.2862605339258875	54	165
2161	0.2862350697948303	5	0
234	0.28443582517688	86	183
2286	0.28384259188105493	0	3
2257	0.27842981696465047	5	0
2047	0.27547726923292437	6	24
2267	0.2752607315002897	138	35
2213	0.2742408129485466	0	54
2167	0.2687931264070118	5	86
2216	0.2664111340765003	189	122
2283	0.26484549374572003	189	159
2251	0.2624940076507864	54	151
1185	0.2624679513886192	54	138
2301	0.2610630082586905	86	5
2130	0.2558862096227854	171	115
2238	0.25315060180957416	0	88
2245	0.25061311817684523	54	162
2277	0.2497969039993325	0	86
2269	0.24889415407599128	54	124
2317	0.24522931352764807	0	86
1011	0.2278709704324546	54	0
2241	0.22566857635425697	0	86
2322	0.205942860883179	54	0
2334	0.20125236279833922	0	54
2325	0.19680931981067779	0	86
2289	0.19140959036005536	0	62
2310	0.18369872230804163	137	123
2311	0.18189384495758748	137	123
2293	0.15643939020014375	62	151
2225	0.13303766204149403	54	178
2338	0.12548822558119352	35	138
2064	0.11581360849039557	35	138
2344	0.108517574390133	0	62
2347	0.09170454576603361	138	35
2348	0.09093687604327157	54	0
2349	0.08930908681719098	54	138
2296	0.07888427644410953	0	206
2337	0.04107558406930022	0	5
2351	0.016245408458401677	0	54
0	0.828454712302743	24	195
2	0.8283605077788191	0	154
3	0.8282383411591154	151	195
4	0.8282204712714473	86	64
5	0.828193115101552	0	195
6	0.828193035466946	24	195
7	0.8281912321827039	101	58
9	0.828177402610475	24	195
10	0.8281515538748402	152	195
11	0.8280871184520014	135	64
12	0.8279983829092734	86	64
13	0.8279463708645868	123	86
14	0.8279313206068846	150	195
15	0.8278893520592748	0	64
16	0.8278700182951026	93	195
17	0.8278604504484426	187	64
18	0.827851169331296	0	195
20	0.8276627578994025	133	64
21	0.8276500002344819	139	195
22	0.8275985618290587	24	37
24	0.8274962895950199	133	64
25	0.8273949547837134	86	64
26	0.8273898023105218	138	195
27	0.8273895361340761	24	195
28	0.8273663428769925	41	195
29	0.8273375133487808	195	64
30	0.8272728421697273	0	64
31	0.8272567055233628	0	58
32	0.827192019672489	0	37
33	0.8271562419487575	168	64
34	0.8271478510912614	93	195
35	0.8270744201703797	195	64
36	0.8270184285207454	133	195
37	0.8270106750745349	79	195
38	0.8270011771414206	123	195
40	0.8269598546266774	134	64
42	0.8269226543633864	199	195
43	0.826917601000538	0	195
44	0.8269039994060334	86	195
46	0.8268417612574196	86	64
47	0.8267771826699701	0	64
49	0.8266935966506356	50	195
50	0.8266809386681746	3	195
51	0.8266472091986471	171	195
52	0.8266294519570704	162	195
53	0.8265715848251095	24	195
54	0.8265610724777299	206	154
56	0.8265229462911998	24	64
57	0.8264764062623229	197	195
58	0.8263795010925664	0	195
59	0.8263667871465062	133	195
60	0.8263353292914537	160	64
61	0.8262848985606901	171	64
62	0.8262699997130597	86	64
63	0.8262410659404812	0	58
64	0.826072693697831	151	64
65	0.8260490688353918	133	64
66	0.8260342165527172	187	64
67	0.8259940354566272	79	195
68	0.8259792185557273	206	195
69	0.8257720233503212	79	64
70	0.8257370538757044	46	64
71	0.8257280943940428	101	195
72	0.8256948267397031	24	64
73	0.8256551988299818	39	195
74	0.8256325901011956	152	64
75	0.8256202219110157	41	64
76	0.8255790918661423	86	169
77	0.8255444190276915	0	86
78	0.8255179847583579	189	195
79	0.82549468510841	86	195
80	0.8254881514401676	124	64
81	0.825357438118547	133	195
82	0.825351708598812	56	64
83	0.8253346737794327	195	64
84	0.8253114298813109	79	5
86	0.8252517591049675	46	195
87	0.8252406740846775	172	195
88	0.825157058925978	0	195
89	0.8250727696580377	0	64
90	0.8250655718052278	0	64
92	0.8249198346311748	30	195
93	0.824878570230064	133	195
94	0.8248362717387954	0	64
95	0.82478598775943	86	64
96	0.8247222440121221	46	195
97	0.824635800754748	96	64
98	0.8246333419352488	192	86
99	0.8245965614202239	39	195
100	0.8245314128399189	189	64
101	0.8245147645266658	199	195
102	0.8244849506790825	30	195
103	0.8244610293896405	79	132
105	0.8243399725956831	31	151
106	0.8243128657039723	0	64
107	0.8243115255095209	150	195
108	0.8242922750496418	0	195
109	0.8242734481447671	202	195
111	0.8242465078511862	138	64
112	0.8242284747313466	195	64
113	0.8241740987313521	135	64
114	0.8241469334763755	86	64
115	0.8241367325776828	0	57
116	0.8241255428538267	83	195
117	0.8241225607433851	147	64
118	0.8240654889569563	138	132
119	0.824023738140487	24	195
120	0.8240188358147826	133	195
121	0.8239711933408334	93	64
122	0.8237856043501753	56	195
123	0.8237205060980702	101	169
124	0.8237134558415204	0	64
125	0.8237027503292057	39	86
126	0.8236525708581497	46	141
127	0.823574183944055	199	64
128	0.8235522443514405	0	195
129	0.8235035233278604	24	86
130	0.8234563330321067	62	64
131	0.8234534020609399	168	195
132	0.8234182989209016	48	64
133	0.8234169133801608	41	195
134	0.8233966675952766	101	86
135	0.8232853429189098	195	30
136	0.8232432875452529	149	195
137	0.8232293109511419	86	195
138	0.823153152224157	0	195
139	0.8230817119177744	129	64
141	0.82302757318757	62	86
143	0.8229492299993253	79	195
144	0.8229129614934365	88	64
145	0.8228574706414192	79	151
148	0.8227518870938334	6	195
149	0.8227215903160285	86	64
150	0.8226795956306219	83	195
151	0.8226770873302268	56	64
152	0.8226649975878805	133	86
153	0.8226325596997922	86	195
154	0.8226127429194818	79	195
155	0.822540414427856	206	64
156	0.8225205801181698	86	195
157	0.8225179501462923	62	64
158	0.8225076767732572	0	206
159	0.8224705170153176	6	195
160	0.8224584176805763	46	64
161	0.8224210564046046	0	64
162	0.822419794545832	96	195
164	0.8222241357570046	79	133
165	0.82222188953149	86	151
166	0.8222216008879154	146	195
167	0.8221974726526837	0	64
168	0.8221884542259015	152	53
169	0.8221028524289132	86	64
170	0.8220764865759722	24	195
171	0.8220538188629054	86	195
172	0.8220094057737782	0	195
173	0.8219576793510546	101	195
174	0.8219561573923945	150	195
175	0.8219500586010858	133	195
176	0.8217749484423613	24	195
177	0.821770693123398	59	195
178	0.821743354636202	46	64
179	0.8216901798431612	30	169
180	0.8216805840046489	79	195
182	0.8215194659100906	23	64
183	0.8215164328193995	30	195
184	0.8214604007822802	24	64
185	0.821454567034737	0	64
186	0.821324585472471	171	64
187	0.8213173821422278	199	64
188	0.8212782330692983	183	64
189	0.8212673273610563	176	195
190	0.8212544460534664	54	195
191	0.8212154546688124	192	195
192	0.821182220898177	30	195
193	0.8211013407192902	101	195
194	0.8210266159672034	0	64
195	0.8210065425415497	1	195
197	0.8209615681023573	24	64
198	0.8209588257982772	137	64
199	0.8209537960288632	138	195
200	0.8209395101611536	30	195
201	0.8208342244608472	74	195
202	0.8208166152902794	31	195
204	0.8207294928674477	101	64
205	0.82072865024131	141	64
206	0.820662891885731	138	195
207	0.8206228460039805	162	86
208	0.8205627417151311	133	86
209	0.8204626638460443	195	64
210	0.8204556816666054	86	195
211	0.820433271911732	9	64
212	0.8203919201056321	15	195
213	0.8203584345615069	151	195
214	0.8203574446478111	0	195
215	0.8202915519329577	1	195
216	0.8202542444095862	150	195
217	0.8201794008414924	123	195
218	0.8201356152205149	195	64
220	0.8200996152617092	151	195
222	0.8200277938053756	30	195
223	0.8200224648362625	93	195
225	0.8199624055042221	86	195
226	0.8199380621022748	0	64
227	0.819841278357631	158	64
228	0.8197046919777142	199	195
229	0.8197026928598116	90	195
230	0.819669356189156	35	195
231	0.8196424141286706	166	64
232	0.819534642331936	86	169
233	0.8195339529640747	88	64
234	0.8194604488383351	86	135
235	0.8193780468998495	150	64
236	0.8193214727377726	137	195
238	0.8193141987726057	101	64
239	0.8192808501566204	199	64
240	0.8192071600898897	160	64
242	0.8191892671227495	189	64
243	0.8191473486733604	138	132
244	0.8190570042036159	83	195
245	0.819022817459182	202	64
246	0.8190113836534071	0	195
247	0.8189019745646043	195	64
248	0.8188650630618239	86	195
249	0.8188353314625811	39	64
250	0.8188065650151255	83	195
251	0.8188005682855332	93	195
252	0.8187627024305538	86	64
253	0.8187447168232375	133	5
254	0.8186533490946575	0	195
255	0.8186525697707783	11	64
256	0.8186265528819147	30	195
257	0.8185940217408338	62	64
258	0.8185711479645493	50	195
259	0.8185370347523044	93	195
260	0.8184823333185675	0	151
261	0.8183839483084925	88	195
262	0.8183713001057376	46	195
263	0.8183588681585486	0	64
264	0.8183263307014862	5	195
265	0.8183175789245919	62	195
266	0.8183116023380873	0	195
267	0.8181562440353595	79	195
268	0.818125603436938	39	195
269	0.8181051328792924	24	64
270	0.8180216516866691	96	64
271	0.8180027072775673	124	64
273	0.8178898216689516	0	195
274	0.8178608964058788	24	195
275	0.8178531859677114	160	64
276	0.8177435487146119	0	64
277	0.8175737676497871	41	195
278	0.8174203719893435	86	64
279	0.8173446530634306	62	64
280	0.8172424298099923	141	195
281	0.8172368749294906	86	195
282	0.8172076599805927	195	64
283	0.816948452561299	0	64
284	0.8169411493462583	14	86
285	0.8169372391626806	86	195
286	0.816910080384619	139	64
287	0.8168853637794534	115	64
288	0.8167767243412319	83	64
289	0.8166575672971912	133	64
290	0.8165772660051578	64	195
291	0.8165760661845121	83	169
292	0.8165691478362423	138	132
293	0.8165239569329734	0	64
294	0.8164929967228544	48	64
295	0.8164711284488811	0	64
296	0.8163775675825939	86	195
297	0.8161719380379727	62	195
298	0.8161465679512929	199	195
299	0.8160818439376628	46	195
300	0.8160580194036866	133	195
301	0.8160354073770537	46	64
302	0.816016245891117	195	64
303	0.8159567249531935	0	195
304	0.8159114437471063	0	195
305	0.8159033802185548	86	64
306	0.8157970893554684	86	64
307	0.8156781643306438	199	195
309	0.8155679315034876	138	195
310	0.8155672214670376	57	195
311	0.8155315791254943	0	62
312	0.8154995798876687	138	195
313	0.8154644169461985	35	195
315	0.815338669760329	86	64
317	0.8153035876272456	6	195
318	0.8153023574456182	86	64
319	0.8152706157686754	17	64
320	0.815212196230671	0	64
321	0.8151770758100995	30	195
322	0.8151630729400529	83	195
323	0.8151613089797098	160	195
324	0.8151016524133201	84	64
325	0.8149872172094927	15	64
326	0.8149535560698564	0	64
327	0.8149246520474971	5	195
328	0.8149176600305906	62	195
329	0.81472245228309	86	195
330	0.8147060732842494	133	64
331	0.8147025792332376	6	195
332	0.814639723063922	86	64
333	0.8146355588724771	195	64
334	0.8145867078259095	195	64
335	0.8145367418476003	0	169
336	0.8145267673733212	86	195
337	0.8143951959928124	134	64
338	0.8142996705326278	24	195
340	0.814262420293104	62	64
341	0.8142019375545516	79	64
342	0.8141249208707798	199	195
343	0.8140344584535971	154	195
344	0.8138336518041649	133	64
345	0.8137908978589371	0	195
346	0.8137314341040921	138	64
347	0.8135551292443463	133	30
348	0.813540013451438	86	195
349	0.8134974287896816	133	195
350	0.8134579757983618	132	133
351	0.8134409656269193	86	64
352	0.8134355941517862	0	135
353	0.8133844136114516	86	64
354	0.8133778301746167	133	64
355	0.8133505319725104	86	64
356	0.8132265960637092	24	64
357	0.813185578391033	139	195
358	0.813163811385774	150	195
359	0.813118481610555	202	195
360	0.8131127997089709	57	64
361	0.8130090409652861	0	64
363	0.8130038689108914	40	64
364	0.8129902945637113	153	64
365	0.8128774944828796	0	195
366	0.8128092965738224	138	64
367	0.8127703613977546	86	64
368	0.8127095950954405	133	195
369	0.8127045167951953	83	86
370	0.8127004522338268	183	195
372	0.812531345040029	6	195
373	0.8125054819036206	24	64
374	0.8123908747925542	40	64
375	0.8123579667578992	195	64
376	0.8123199301952209	0	64
377	0.8122842954052101	24	64
378	0.8122781256330939	36	64
379	0.8122575348808891	30	195
380	0.8122554407869962	101	64
381	0.8122517082781295	152	195
382	0.8122444364096477	0	64
383	0.812223767098736	86	64
384	0.8121419147938462	86	64
385	0.8121205651077422	101	195
386	0.8121099620667505	86	194
387	0.8121083831277365	56	195
388	0.8120406989694148	39	195
389	0.8120108373705222	93	64
390	0.8119349057584719	39	195
391	0.8119132097379811	24	64
392	0.8118983050512639	0	133
393	0.8117801432460099	0	195
394	0.8116375504893067	86	195
395	0.8115594320156504	189	64
396	0.811553004243631	86	64
397	0.8115509356664372	195	64
398	0.8115427854351907	64	195
399	0.8115392781521416	101	64
400	0.8115363600143745	85	64
401	0.8114911612197814	120	64
402	0.8114832745036936	147	195
403	0.8114674918136574	14	195
404	0.8114611746244172	86	64
405	0.8114454963424319	115	64
407	0.8113599450614283	86	195
408	0.8113266197439176	195	64
409	0.8113193668511238	87	195
410	0.8111599841641071	160	195
412	0.8111314379591805	0	86
413	0.8110838787629645	195	64
415	0.8110303171497215	0	64
416	0.8110088403901001	6	195
418	0.8109298204181247	0	64
420	0.8109163022070052	93	64
422	0.810710315193776	133	195
423	0.8106658940223934	6	64
424	0.8106492302778024	56	169
425	0.8106450194210206	24	195
426	0.8104825816319093	86	64
427	0.8104814634887965	133	195
428	0.8103176399085256	6	64
429	0.8101291672464169	183	195
430	0.8101090418483871	149	195
431	0.8100813851413576	171	195
433	0.8100763024238405	86	64
435	0.8098989561070017	39	64
436	0.8098498847973726	93	195
437	0.8098375368646294	0	64
438	0.8096347714054681	0	64
439	0.8096260734143337	195	64
440	0.80947412641578	133	169
441	0.8094570377657928	0	64
442	0.8094469445800866	0	195
444	0.8092276359177283	90	64
445	0.809095662710464	93	64
446	0.8090534455674565	86	195
447	0.8089644462016284	151	64
448	0.8089268997008188	133	195
450	0.8089170105083603	0	195
451	0.8088671463311486	0	195
452	0.8086774344650718	24	195
453	0.8086163300911675	54	195
454	0.8086118030345867	133	195
455	0.808606539483098	0	64
456	0.8085444370013803	0	64
457	0.8085330859447063	133	64
458	0.808517491271529	202	64
459	0.80843282057821	6	64
460	0.8083330068251685	86	64
461	0.8083174790130432	24	64
462	0.8081849843560194	101	64
463	0.8081818547417237	146	195
464	0.808043340038533	94	195
465	0.807769921723072	199	195
466	0.8077096501443715	56	195
467	0.807700194507709	96	195
468	0.8076700484744436	30	195
469	0.807662863939139	86	64
470	0.8076411634172409	86	64
471	0.807585679637727	161	154
473	0.8074598946186902	138	195
474	0.807380577019766	197	195
475	0.807262570634686	0	64
478	0.8070882466270685	86	195
479	0.8070843657536705	150	64
480	0.8069309249390633	0	151
481	0.8069231346631294	195	64
482	0.8068819427018075	0	195
483	0.8068228862191972	0	64
484	0.8067358714431911	82	64
485	0.8067326484702482	41	64
486	0.8067257991588268	154	195
487	0.8066775520570427	93	195
488	0.8066532760087146	0	64
490	0.8065258542179919	150	132
491	0.8064349875874051	24	64
492	0.8063782278025502	166	64
497	0.8061375990086816	0	195
498	0.8060952926721701	151	64
499	0.8060778154056619	150	195
500	0.8060540302295984	199	64
501	0.8060502913455345	94	57
502	0.8060457434334097	86	64
503	0.8059770640808975	86	195
504	0.8059046946751641	88	64
505	0.8058002822232694	208	78
506	0.8056448455891448	56	195
507	0.8055820128816878	138	195
508	0.8055628157284113	54	64
509	0.8055270355636499	93	5
510	0.8055025934020252	0	195
511	0.8054719384735644	30	195
512	0.8052068677521798	14	195
513	0.8050891884833569	40	195
514	0.8050790377699603	156	195
515	0.8050210854042725	0	64
516	0.805018544662889	0	195
517	0.8049353591376804	79	195
518	0.8049278929359504	81	195
519	0.8048858796406644	96	64
520	0.8048617218605112	0	195
521	0.8048128278691626	57	132
522	0.8047668362336015	24	64
523	0.8047457664122308	151	195
524	0.804705358065686	56	195
525	0.8045796430836192	0	195
526	0.8045203329200221	138	64
527	0.8044769440655524	79	195
528	0.8044312770144026	79	64
529	0.8043732305159751	195	64
530	0.804345239289577	0	195
531	0.8042429423028135	0	64
532	0.804220884858386	30	64
533	0.8041973892529545	86	195
534	0.8041171696840811	82	64
536	0.804037156770031	0	86
537	0.803983549275766	150	195
538	0.8039452708180299	81	195
539	0.8038866039880564	17	195
540	0.8038147477812171	0	195
541	0.8036488826290275	46	64
542	0.8036384990907076	195	206
543	0.8034795236984176	0	64
544	0.8034699695836943	74	64
545	0.8034697810386702	88	64
546	0.8033964746210338	86	64
547	0.803335030469414	59	64
548	0.8032913225072886	24	206
549	0.8032771502772812	31	64
550	0.8032301611085554	138	195
552	0.8030738002890745	30	195
553	0.8030642679133678	50	195
554	0.803053121464268	133	195
555	0.8029431251804732	86	64
556	0.802834299202721	152	64
557	0.8027536603299738	138	64
558	0.8027294484338094	150	195
560	0.8025866793508896	86	64
562	0.8021458193131187	46	195
563	0.802097102172114	56	195
564	0.8019959124254938	206	86
565	0.8019262244190376	162	141
566	0.8018966395146745	64	195
567	0.8018941399894457	79	195
568	0.8015725250715068	83	64
570	0.8014795140933443	6	64
572	0.8014369795106181	90	64
573	0.801341089774536	0	206
574	0.8012581682125334	24	64
575	0.8011445128031017	86	195
576	0.8010138803090422	0	37
577	0.8009854698282375	91	64
578	0.800847540155532	50	64
579	0.8007221653807074	93	195
580	0.8005588145587278	24	195
581	0.800522142013821	79	195
582	0.8005158622362991	160	64
583	0.8004925984194098	133	64
584	0.8004864755378358	24	64
585	0.8004774793658257	129	64
586	0.800464560644444	183	195
587	0.8003956918076263	0	195
588	0.8003857495436271	62	132
589	0.8003693337993969	205	195
591	0.8001169360712729	0	195
592	0.8000791358536523	199	195
593	0.7999369862119158	86	195
594	0.799895506258381	0	64
595	0.7998865812902739	0	195
596	0.7997877665515217	133	195
597	0.7997424462694461	93	195
598	0.7995551409752609	0	64
599	0.7994145336258999	83	64
600	0.7993361137238251	64	53
601	0.7992673301568306	0	64
602	0.7991841906606525	64	195
603	0.7991481022323916	0	195
604	0.7989663678935556	133	37
605	0.7989356136260999	79	195
606	0.7987948155373613	183	195
607	0.7987416366688046	199	195
609	0.79866512068944	0	195
610	0.798645402651529	41	64
611	0.7985280285057631	24	195
612	0.7984258393591901	183	64
613	0.7983890463684813	183	195
614	0.79822012163778	56	64
615	0.7981307816826189	5	64
616	0.7980767692203117	0	64
617	0.7980345731197475	0	64
619	0.7979725551032986	0	195
620	0.7977247020310376	88	64
621	0.797716245856049	54	53
622	0.7976713487770196	24	195
623	0.7974777341917579	194	195
624	0.7973647718412686	86	64
625	0.7973589001872925	160	64
626	0.7972541626929259	39	113
627	0.7971731845111065	0	195
628	0.7971293045635106	86	64
629	0.7971100147016144	0	195
630	0.7969962412033583	0	195
632	0.7967806062315547	86	195
633	0.7966252430852798	24	206
634	0.7965756594720155	133	64
635	0.796534349330339	91	64
636	0.7964711778937699	101	64
637	0.7964411318904615	0	64
638	0.7963816201527097	134	195
639	0.7962696106198942	9	195
640	0.7961937433695572	183	64
641	0.7960954709516859	152	195
642	0.796095178198068	101	195
643	0.7960410021867064	86	195
644	0.7959371000190506	138	64
646	0.7958997626627351	86	195
648	0.795834923567173	176	154
649	0.7957823082553899	172	37
650	0.795745100636021	166	64
651	0.7957000445663583	133	195
652	0.7954409330129069	133	64
653	0.7953787101078875	0	64
654	0.7953513793603028	96	195
655	0.795162823316137	86	195
657	0.7946996606424315	133	64
658	0.7945409817896776	199	195
659	0.7945017685704582	152	57
660	0.7942843168641289	189	64
662	0.7940262791166218	199	64
663	0.7939400195621021	199	195
664	0.7938040757733344	24	195
665	0.7937895573317777	31	64
666	0.793789247882719	46	208
668	0.793771714120218	79	195
669	0.7937208375673779	105	64
670	0.793544904146769	24	64
672	0.7934725376675869	133	195
673	0.7934258929003329	101	64
674	0.7931885082924954	84	195
675	0.793147560806229	94	53
676	0.7931189457506034	140	64
677	0.79306454621632	96	86
678	0.7929837296042078	46	195
679	0.7926558190787616	199	195
680	0.792552518200956	195	64
681	0.7924817780196618	93	206
682	0.7924524716469064	132	64
683	0.7924506829899327	206	64
684	0.7923533854815905	133	64
685	0.792167111584694	64	195
686	0.7921372710251371	30	195
687	0.792129131857754	114	195
688	0.7918777118435528	6	64
689	0.7917075427612391	90	64
690	0.7915910385340863	93	195
692	0.7915653171343495	86	132
693	0.7915389364958656	24	195
694	0.7915244353722845	46	195
695	0.7915046880840203	138	64
696	0.7913229008213116	149	195
697	0.7913055334763235	0	154
698	0.7911810465941098	189	64
699	0.7911782809921951	83	195
701	0.7910939676151328	195	64
702	0.7910849804064669	46	195
704	0.7909744408630245	0	151
705	0.7909531091534917	147	195
707	0.7908952162252874	6	195
708	0.7907609434091567	142	195
709	0.7906962723201486	138	64
710	0.7906006439388491	152	195
712	0.7904922316460155	183	195
713	0.7904741426332178	122	64
714	0.7904504491882084	160	64
715	0.7903848268519945	24	195
716	0.7903445247904504	115	195
717	0.7902989027284708	86	64
718	0.7899608477745657	86	195
720	0.7897322826374459	14	64
721	0.7896746976045655	0	195
722	0.7896570576703255	0	64
724	0.7895453241835809	9	64
725	0.7893973199747373	62	64
728	0.7891278960147688	0	195
729	0.7890549083172211	86	195
730	0.7890380369688084	0	208
731	0.7888257487616556	199	195
732	0.7887624377939813	202	64
733	0.7885738713279865	149	195
735	0.7884804639167812	74	64
736	0.7883123666382466	24	64
737	0.7882828057538764	138	195
738	0.7882673276606095	39	64
739	0.7881500825728232	0	195
740	0.7881009439398977	50	195
741	0.7880426676214808	132	37
742	0.7880099633266532	0	64
743	0.7879140022593396	151	195
744	0.7877215785710612	0	37
745	0.7877124966198406	133	195
747	0.7876487720220947	86	195
748	0.7875762363153862	56	64
750	0.7873190498306519	0	195
751	0.7872274855956869	194	64
752	0.7872186895483824	138	64
753	0.7869309666870489	134	195
754	0.7869291075163484	87	64
755	0.7866465322714403	0	195
756	0.7865746363161734	9	64
757	0.7864685086053829	86	195
758	0.7864122734683934	73	64
760	0.7864036753967693	86	64
761	0.7863927427984561	62	9
762	0.7860728179017604	88	64
763	0.7860187737825945	24	195
764	0.7858437889399412	86	195
766	0.7858080453911349	24	64
767	0.7857301270824417	133	195
769	0.7854905458873482	166	53
771	0.7852697057392724	24	64
772	0.7850939795362131	138	64
774	0.7850055939227024	0	64
775	0.7849241286817242	24	195
776	0.7848450179667738	0	64
777	0.7846875408863915	96	195
778	0.7846494497196957	83	86
779	0.784546185995085	151	195
780	0.7844835199685047	51	64
781	0.7843804103861312	6	30
782	0.784356956319052	139	195
783	0.7842642749705229	160	64
784	0.784234967834015	0	195
785	0.784011552033482	195	64
787	0.7839100997159107	195	64
789	0.7836122067530519	133	195
790	0.7836056816698821	101	53
791	0.7835798719651992	138	195
792	0.7834054538272035	183	195
794	0.7832462288124941	56	64
795	0.782943739357341	101	195
796	0.7828858592043337	0	64
797	0.782725057507962	24	195
798	0.7824621946987127	41	64
799	0.7823850061141038	59	195
800	0.782349264222489	123	64
801	0.7820626597245083	197	64
802	0.7819589595300475	86	195
803	0.7819129816478401	56	195
804	0.7819102407863616	41	151
805	0.7817024784550515	162	64
807	0.7815107488022025	88	57
808	0.7814477426011662	24	195
809	0.7814111298365441	199	64
810	0.7813378193623453	181	64
811	0.781298067424662	5	64
812	0.7811155650224333	194	208
813	0.7809670611637739	83	195
814	0.7808357316977218	171	64
815	0.7807827463580386	41	195
816	0.7807511132793309	39	195
817	0.7806356587185233	105	195
818	0.7806202716202182	24	195
819	0.780392119979634	93	195
820	0.7803307476980355	84	64
822	0.7800618806994456	39	195
823	0.7800236244546846	0	86
824	0.7798392603454541	24	195
825	0.7797309343274249	46	195
826	0.7796871854246362	24	195
827	0.779488696172803	195	64
828	0.7794715420711136	133	64
829	0.7792392588002726	24	195
830	0.7792311894312599	149	195
832	0.7790870457196607	45	64
833	0.7789237892931539	93	64
834	0.7789138831412168	93	195
835	0.77863031837519	86	64
836	0.7786103574890582	133	195
838	0.7780458919035538	24	195
839	0.77781066383826	152	195
840	0.7777502853134969	117	64
842	0.7775622300860681	93	64
843	0.7774040751721851	183	64
844	0.7773321962820366	151	195
845	0.7770945195708386	54	195
846	0.7768487190203399	0	64
848	0.7766451028319241	133	195
849	0.7764383132134794	86	195
850	0.7763458747290831	54	195
851	0.7761147093999691	86	64
852	0.7757782571441583	101	195
853	0.7757068696426525	86	64
854	0.775563926613024	199	64
855	0.7754877216818858	35	195
856	0.7754367690139716	0	64
857	0.775142034104266	23	64
858	0.7749056767296653	202	195
859	0.7748209686163129	79	195
860	0.7748071875277578	46	64
861	0.7747735474274983	40	132
864	0.7743190591567363	6	64
865	0.7742857772222201	82	64
866	0.7741144183606521	46	64
867	0.7740788597632808	86	64
868	0.7739862372317214	138	195
869	0.7739722717080738	195	64
870	0.773949385700669	86	195
871	0.7739238642557678	37	195
872	0.7737707765939302	0	64
873	0.7737541594009539	133	64
874	0.7734841956086574	86	64
875	0.7734733087861768	189	195
876	0.7734142780256275	195	64
878	0.7731735896778813	152	64
879	0.7730099341116978	160	64
880	0.7729264209915522	24	195
881	0.7724685881167473	199	195
882	0.7722414102220644	76	195
883	0.7722270886937007	152	64
884	0.7718245346113798	150	64
885	0.7717966768323525	31	154
886	0.7717544808651152	39	195
887	0.7716975676482697	133	195
888	0.7716118027069088	195	64
889	0.7715933452238735	139	195
890	0.7715433011896441	30	79
892	0.771302846547119	86	195
893	0.7712316493885186	0	195
894	0.7711986359156122	24	195
895	0.7709934312829185	37	195
896	0.770888139031126	0	195
897	0.7708522914414577	133	64
898	0.7707033200605684	183	9
899	0.7706507867928393	74	64
900	0.7706242581451958	93	195
901	0.7704798394280156	208	195
902	0.770471331680849	24	64
903	0.7703871085869792	36	195
904	0.7699980498412682	88	195
905	0.7699374111235581	74	64
906	0.7698944639697604	206	195
908	0.769775104528541	41	195
909	0.7694281650283443	52	195
910	0.7693115881333288	46	64
911	0.7693085785558681	150	195
913	0.7691803070272988	67	64
915	0.7684077182676008	0	151
916	0.7681787823511236	133	195
917	0.7680911824963945	24	195
918	0.7679997666517314	23	64
919	0.7678805864728548	46	195
920	0.767463887290368	206	195
921	0.7672671113613314	138	64
922	0.7671863067446762	86	195
923	0.7670623395490846	0	64
924	0.7670107079139985	17	64
925	0.7668268784274697	139	195
926	0.7664007167118265	54	195
927	0.7660118153869521	0	64
928	0.7657229368895603	123	195
929	0.7655910299773758	6	195
931	0.7654482097385981	0	64
932	0.7654129685955773	151	64
933	0.7652499550627779	208	64
934	0.7651879975134316	88	195
935	0.7650339859715856	86	195
936	0.7646681679044214	133	195
937	0.7646246989613144	6	195
939	0.7642333474645359	123	195
940	0.7639665335369813	133	195
941	0.7639618639343221	158	195
942	0.7638794055766758	139	64
943	0.7638090817541912	30	64
944	0.763356143983026	0	151
945	0.7631842005426638	93	195
946	0.7630169894613487	138	64
948	0.762278311464283	0	195
949	0.761789638512693	133	195
951	0.7614645320629394	93	64
952	0.7608451580069644	62	58
953	0.7605891971270552	24	195
954	0.7604714173348548	183	195
955	0.760297294983003	24	64
956	0.7601981105372682	9	86
957	0.760114911758053	138	195
958	0.7599959476653676	0	195
959	0.7598338963614725	93	195
960	0.7594427044824569	86	169
961	0.7593348809325902	86	64
962	0.7589930528466556	93	133
963	0.7586518003233605	0	64
964	0.7581727751404692	202	64
965	0.7578563645390073	86	208
967	0.7574733168505038	79	195
968	0.7574730170381818	14	195
969	0.7571599626928561	135	195
970	0.7571203091358035	195	64
971	0.7569417643452844	17	195
972	0.7568829526460836	138	195
973	0.7568017506586903	30	195
974	0.7557908432412294	138	64
975	0.7557781597716754	85	86
976	0.7557743715830505	133	151
977	0.7555174580717168	133	195
978	0.7554396765238766	86	195
979	0.7553966773942431	115	195
980	0.7552201970268302	206	64
981	0.754546866727931	193	195
982	0.7545423812754108	0	195
983	0.754323367936954	79	195
984	0.7540211045210785	133	195
985	0.7537501796466174	24	195
987	0.7533508581077087	0	86
988	0.7520463155020818	90	195
989	0.7519886556907537	86	195
990	0.7518731290279057	138	195
991	0.7513619544215717	140	195
992	0.7512965849567256	86	195
993	0.7512763614638575	122	195
994	0.751219613833045	6	64
995	0.7511157755661991	51	195
996	0.750994646280798	133	64
997	0.750685124416372	84	64
998	0.7506545950684672	122	195
1000	0.7504699559791087	0	64
1001	0.750466956320172	30	64
1002	0.7502139783267137	123	195
1003	0.7499740906962163	133	64
1004	0.7494419599191408	0	151
1005	0.749127616729359	199	195
1006	0.7490977110954836	90	64
1007	0.748975922423094	138	64
1008	0.748684087545485	73	64
1009	0.7484838315003403	149	195
1010	0.7483858998761157	24	195
1011	0.7480289410630034	54	195
1012	0.7478583196167701	138	195
1013	0.7475772009160737	24	64
1014	0.7475417380668673	93	195
1015	0.7471426199168653	24	195
1016	0.7469578488143523	138	64
1017	0.7465659185697656	90	64
1018	0.7464885945906523	70	195
1019	0.746445135956547	86	64
1020	0.746371247831445	86	195
1021	0.7462131499105282	39	64
1022	0.7460961941537404	101	64
1023	0.7458400831341442	0	195
1024	0.7455441692045139	138	64
1025	0.7454449560818847	93	64
1026	0.744804964914698	152	195
1027	0.7447857660255237	0	64
1028	0.7445871042232334	0	195
1029	0.744199121707899	195	64
1030	0.7439438892327044	0	64
1031	0.7427809763906971	86	169
1032	0.7423862484584606	24	195
1033	0.7422905032904008	195	64
1034	0.7410666365613102	24	5
1035	0.7408316047363815	0	195
1036	0.740659041238261	62	58
1037	0.7399787913992572	81	64
1038	0.7399234128931784	150	195
1039	0.7389857554756344	122	64
1040	0.7382770947845463	0	64
1041	0.7380666788831884	41	64
1042	0.7374712828020378	24	195
1043	0.7374198491853491	197	64
1045	0.7364738159714977	24	64
1046	0.7363711500133217	86	64
1047	0.7361518576270246	160	64
1048	0.7360404379154565	0	86
1049	0.7360112018981567	39	64
1050	0.735972436314198	138	64
1051	0.7352940016213194	30	195
1052	0.7344736217531189	24	64
1053	0.7344266585049892	64	195
1054	0.7341570426265047	133	64
1056	0.7335885654133357	86	64
1057	0.7335137276733766	6	195
1058	0.7330780978875346	1	64
1059	0.7327417170239763	0	195
1060	0.7321919782790903	86	195
1061	0.7317050391275887	86	64
1064	0.7289356330535195	24	64
1065	0.7284282699334158	51	64
1066	0.7284200548418418	183	64
1067	0.728328984563956	70	195
1068	0.7278178953870712	86	64
1069	0.7276805545560938	152	64
1070	0.727485141805498	195	64
1071	0.7261331591572427	86	195
1072	0.7253152981557912	123	64
1073	0.7250136792034084	54	64
1074	0.7243668837151921	56	30
1075	0.7242078982426821	0	206
1076	0.7237203120847604	151	64
1077	0.7236057114995406	24	195
1078	0.7228703603169149	6	133
1079	0.7221221095426573	83	195
1080	0.7219047630779278	56	39
1081	0.7215158364846859	14	195
1082	0.7213369088107588	138	64
1083	0.721046586027334	115	64
1084	0.7210443235378051	0	195
1085	0.7203708847456533	189	195
1086	0.720011760048186	86	64
1087	0.7189893378723543	160	154
1088	0.718652672219778	117	133
1089	0.7178673892173938	202	132
1090	0.7174407665594633	39	195
1091	0.7171799958124706	0	195
1092	0.7171240748296016	30	64
1093	0.7168693020444123	86	64
1094	0.716485081840286	133	64
1095	0.7162555699930835	133	195
1096	0.7160472842364614	146	40
1097	0.7157621326648351	41	195
1098	0.7141999451953597	125	195
1099	0.7140083298760387	39	195
1100	0.713875762614622	94	37
1101	0.7136986369836014	86	151
1102	0.7135837041457084	133	195
1103	0.7135440927368946	39	195
1105	0.7129302076265609	159	64
1106	0.7121220191833347	0	64
1107	0.7114159637239814	39	133
1108	0.7112104199925127	194	64
1109	0.7112079502009565	88	86
1110	0.7106578158018277	46	64
1111	0.7103880127253844	0	195
1112	0.7101290794084988	104	64
1113	0.7097983405245353	0	86
1114	0.7070745904488469	0	64
1116	0.7067979150090535	125	64
1117	0.7067961186867581	39	64
1118	0.706495458492691	189	195
1119	0.7063547496305382	86	195
1120	0.7057999928866726	100	86
1121	0.7056496517588229	147	195
1122	0.7052869813031795	86	64
1123	0.7048760968836877	39	5
1124	0.7045675091858961	0	195
1125	0.7040255800272617	123	195
1127	0.7026282599265122	199	195
1128	0.7020821218704145	84	64
1129	0.7012708885390982	46	41
1130	0.7006916635022852	41	195
1132	0.700394436790345	0	64
1135	0.6983984275130095	81	195
1136	0.698133401607523	0	133
1138	0.6976058864993011	133	64
1139	0.6966902300027591	17	64
1140	0.6948260987791972	56	64
1141	0.6923120202848649	30	195
1142	0.6922670545276481	189	195
1143	0.692044700382647	139	195
1144	0.6915600683251539	195	64
1145	0.6914982118547107	93	195
1146	0.6914356319075392	134	183
1147	0.6907376097344243	24	30
1153	0.6886208424878019	86	195
1154	0.6876858496989148	195	64
1155	0.6870581642147217	202	195
1157	0.6859206917203416	93	86
1158	0.6857968912049616	199	195
1161	0.6846540088763395	122	195
1163	0.6831447931699661	35	64
1164	0.6827538130710793	199	195
1165	0.6826913001141144	206	64
1166	0.6823822024410038	30	195
1167	0.6822891974933175	134	64
1168	0.6821273562290521	64	84
1169	0.6820968341790772	195	133
1170	0.6807951341962803	39	199
1171	0.6803346859343294	79	195
1172	0.6797078183380358	36	24
1173	0.6788650438856397	195	50
1174	0.6782569995025248	46	64
1177	0.676420564889284	132	0
1178	0.6761228326988773	91	24
1180	0.6753960418356293	9	195
1181	0.6752768999295391	24	195
1182	0.6750787956404931	87	195
1183	0.6744704094626028	64	6
1184	0.6740973662411306	0	160
1185	0.6734655003810348	54	64
1187	0.6730845320738291	195	199
1188	0.6726718254987826	0	195
1190	0.6722720070822445	17	64
1191	0.6713599150936587	86	135
1192	0.671330957734806	114	54
1193	0.6713090505369501	152	46
1194	0.6703454866110174	54	195
1196	0.6700607921594663	93	195
1197	0.6698651649640666	195	133
1198	0.6697563260011106	133	6
1199	0.669534250274338	86	56
1203	0.6664942657047604	183	64
1204	0.6661842559131487	166	64
1205	0.6658073905850863	57	93
1206	0.6657428042618306	195	138
1208	0.6655463831811942	206	195
1209	0.665154205612019	54	195
1210	0.6649763840028227	39	195
1211	0.6649186340035306	81	195
1213	0.6644785744099352	206	195
1214	0.6644732278794493	133	195
1218	0.6629799225433962	160	64
1221	0.6618590257139237	154	133
1222	0.6618058912977032	194	62
1223	0.6608519528158247	133	195
1225	0.6597667220324663	0	24
1226	0.6595110347748424	138	139
1227	0.6593529819686633	138	150
1228	0.6592478303752785	30	195
1229	0.6591021120266409	195	24
1231	0.658391576157339	86	64
1232	0.6577773251276819	195	24
1233	0.6576999032853569	132	115
1234	0.6573067948869664	64	24
1235	0.6567819429009379	195	39
1236	0.6563203308913435	39	195
1237	0.6559880424020091	24	195
1238	0.6559644242680643	133	195
1243	0.6541239908692931	181	206
1244	0.6537388632536385	95	64
1246	0.652941893906197	193	40
1247	0.6529299920009128	0	64
1248	0.6527340842059958	195	59
1250	0.6524654850426725	133	79
1251	0.6521045110086189	133	195
1252	0.6516781905224552	86	168
1253	0.6515529860462654	6	199
1254	0.6512663417135078	8	15
1255	0.6511170236101617	0	86
1256	0.6504632923968662	93	86
1257	0.6503117824665381	195	30
1260	0.6494544437451215	39	133
1261	0.6491622513424349	79	195
1262	0.6491620117772232	189	86
1263	0.6482757108041919	160	166
1265	0.6479715312893874	93	86
1266	0.6475420639239061	39	133
1268	0.6466583099860542	34	46
1269	0.6456499554284325	24	64
1270	0.6453915791725521	86	162
1272	0.6448442077250935	24	23
1276	0.6436458615802244	147	146
1279	0.6428127795814962	133	195
1280	0.6420438207118473	0	64
1281	0.6419613751930421	24	6
1282	0.6417528691767089	138	0
1284	0.6406693688727287	93	39
1285	0.6405187839942679	195	24
1286	0.6398389252572094	0	192
1287	0.6397732363418148	152	82
1288	0.6395991531102594	56	138
1290	0.6374210042304395	86	195
1291	0.6369462782649196	24	133
1292	0.6369125827904007	82	195
1293	0.6368103794893526	162	85
1294	0.6367303127069719	101	202
1295	0.6365015560845431	160	0
1297	0.6358068097262958	0	195
1298	0.6356980759208699	30	195
1299	0.6354315078780323	86	0
1300	0.6351089739979342	183	83
1301	0.6351061781205436	195	46
1303	0.6341130068958001	195	6
1304	0.6337811156774548	150	30
1305	0.6334071001335453	152	150
1306	0.6333657791309772	133	24
1309	0.6325692316630124	58	166
1311	0.6319549030354877	86	0
1313	0.6312426021738693	195	133
1314	0.6306402137421032	151	195
1315	0.6303448618327154	0	90
1317	0.6296578900037466	86	0
1318	0.6296563317710248	34	64
1321	0.6290785604982264	6	24
1322	0.6290220127397235	83	30
1324	0.6277935304812409	138	64
1325	0.6276590504061297	0	64
1326	0.627651311423853	30	79
1327	0.6272808583540214	195	199
1328	0.6270761135777678	150	0
1330	0.6264523545607296	0	83
1331	0.6261885446755949	142	86
1332	0.6260298958049063	195	139
1334	0.6257183647322934	30	195
1335	0.6251169104911021	79	195
1336	0.6250324522981718	0	195
1339	0.6234895312200103	120	94
1341	0.6231621577034636	39	195
1343	0.6229465270950886	56	199
1345	0.6228468682852965	195	54
1346	0.622745241890774	62	114
1348	0.6217619440636913	88	160
1350	0.6213202199403695	133	195
1352	0.6206924581726107	62	195
1355	0.620334191069931	101	0
1356	0.6201065069115922	86	0
1357	0.6198921692113813	151	0
1359	0.6192201181435207	24	133
1360	0.6190378047182021	86	199
1361	0.6183669642089776	133	6
1364	0.6178587906396104	8	46
1366	0.6177217436813977	86	129
1367	0.6171727414672598	195	0
1368	0.6169149539017054	40	195
1369	0.6167312288118494	101	86
1370	0.6165644546069127	151	138
1371	0.6164125891796186	147	133
1373	0.6162524967445018	30	39
1374	0.6162034983160395	91	189
1377	0.6156071235144827	195	62
1378	0.615492628208769	0	64
1379	0.6148001822311793	86	142
1381	0.6145760740015772	24	154
1382	0.6144671845160868	35	193
1384	0.6141881330688517	195	101
1385	0.6139764249999238	135	195
1386	0.6131644471561708	0	149
1387	0.6128122314670155	0	64
1389	0.612342419450349	24	6
1392	0.6117239732188239	31	132
1394	0.6114146563021071	104	0
1397	0.6104188872437926	152	141
1399	0.6096464860468778	195	24
1400	0.6096364137227678	24	86
1401	0.6093253099467645	195	82
1402	0.6091176398265253	183	86
1403	0.6090674077514439	86	0
1404	0.6085438040205697	24	34
1405	0.608488832613381	9	149
1406	0.6083917640489069	124	150
1407	0.6077673638847524	41	6
1408	0.6077086715094423	171	0
1410	0.6072323858618456	137	0
1411	0.6069407805590123	6	0
1412	0.6069405451226194	24	195
1414	0.6066649050259779	39	195
1417	0.6059551860764676	23	24
1418	0.6057475891988782	54	0
1419	0.6056990860570504	0	56
1420	0.6055400775678738	9	195
1421	0.6055072975623369	195	93
1422	0.6054857234343346	6	36
1425	0.6049248338337105	146	50
1426	0.6038832490683804	189	125
1427	0.6036053922572084	150	9
1429	0.6034331218640215	46	86
1430	0.6034234484502623	152	48
1432	0.6032569230257984	96	86
1434	0.6028361283113447	199	24
1435	0.6028091339817493	195	133
1438	0.6024328074157854	58	101
1439	0.6023213474221264	137	138
1440	0.6018400635338661	40	195
1444	0.6015766605928751	0	86
1446	0.5995587149450449	138	35
1447	0.5994981740776683	138	0
1448	0.5994527843922266	160	17
1449	0.5992647148542805	149	138
1450	0.5990182218200739	88	0
1451	0.5989875136887217	66	160
1453	0.5982780604415	6	24
1454	0.598276588608079	79	146
1455	0.598107975211655	183	0
1458	0.5972851191754248	93	152
1459	0.597189017191341	86	0
1460	0.5968370344391919	0	162
1461	0.5966254528611821	151	86
1464	0.5961760281071048	0	189
1465	0.5959808867365062	151	120
1466	0.5959056931183323	52	39
1468	0.5957899747921618	195	41
1470	0.5957577738671673	57	62
1471	0.5956901278903118	62	195
1473	0.5950161294846911	30	195
1475	0.594712734121335	0	64
1477	0.594456400047379	195	30
1479	0.5940375372929568	0	152
1480	0.5934832409209562	35	138
1482	0.5931385742639305	162	0
1483	0.592992603891158	133	195
1485	0.5926809222394798	46	189
1486	0.5925534746135457	199	195
1487	0.5923602906475182	93	88
1488	0.592311589912919	193	64
1489	0.5922210202979953	88	86
1491	0.5918160478406407	81	133
1492	0.5915281877513536	57	151
1493	0.5914207523696862	64	0
1497	0.5906086258674745	0	172
1499	0.5900261525367062	151	86
1500	0.5898097296247043	90	73
1503	0.5887407134163902	0	88
1507	0.5881672692567531	183	101
1508	0.5881025436317994	0	64
1510	0.5877746330185643	79	133
1511	0.5876724481585337	151	0
1512	0.5871936218584523	101	0
1515	0.5871336915415282	133	195
1516	0.5865336848656082	93	101
1517	0.5863826512188977	133	152
1518	0.5862999749817471	57	0
1520	0.5858746890742387	11	195
1521	0.5855381226148815	56	64
1522	0.5854812159640074	150	93
1525	0.5847461717680345	195	133
1529	0.5842741036790791	86	0
1532	0.5840233573228212	83	195
1533	0.5838867403748362	86	83
1535	0.5836032899268329	93	86
1536	0.5834242887182252	101	133
1537	0.5831989585271717	24	133
1539	0.5830682974139804	76	62
1540	0.5829211901291874	149	9
1543	0.5822615766240582	195	79
1544	0.5822364472525076	133	41
1545	0.5821105246400496	206	0
1546	0.5818614640474076	138	37
1550	0.5816925274342367	79	46
1551	0.5815912099240489	56	46
1552	0.5814965899140226	86	151
1553	0.5813688583114768	86	0
1554	0.5812433293936707	100	183
1556	0.5810791620621226	206	86
1557	0.5810411142879285	24	6
1560	0.5808861006273023	15	58
1563	0.5806944824798245	6	24
1565	0.5805337813837929	138	64
1566	0.5804181338246691	84	160
1569	0.5802936318447726	133	199
1570	0.5801108464857163	137	138
1572	0.5800138853276835	46	24
1573	0.5797866359390821	30	195
1575	0.5794976762068226	195	84
1578	0.5786661442331815	5	6
1579	0.5782899880864768	93	160
1580	0.5781993325381896	46	160
1587	0.5778221353404707	151	0
1588	0.577805494434788	208	64
1590	0.5776729152540208	90	24
1592	0.57744295353405	83	134
1598	0.576870191839921	24	147
1599	0.5764519458348961	0	86
1601	0.575715407757056	176	195
1602	0.5756690482723128	150	93
1603	0.57544907534543	176	74
1604	0.5754211853315712	46	8
1608	0.5752673400603446	0	84
1609	0.5752233749345648	57	117
1610	0.5752106651369893	83	86
1612	0.5751766260827887	133	24
1616	0.5745257368930804	199	195
1619	0.5739798493935622	0	30
1620	0.5737579363945363	93	24
1621	0.5736103602686067	86	151
1622	0.5734926557081733	90	162
1624	0.573100245099969	56	64
1626	0.5726891781164476	93	86
1627	0.5725343152881893	93	86
1628	0.5725078238857869	205	194
1630	0.5723896877247178	0	86
1631	0.5723821167707273	138	0
1633	0.572116410517499	202	181
1634	0.5720972601641777	24	39
1635	0.5720296007475089	199	133
1636	0.5719301552597669	151	5
1639	0.5712836196481423	195	41
1642	0.5710381478684677	0	14
1644	0.5707741885988541	41	81
1645	0.570622433275896	133	56
1646	0.5705903697961917	86	0
1653	0.5695877593862207	183	86
1654	0.5693263660248835	147	46
1656	0.5688811530945499	30	93
1660	0.5687168708923092	30	39
1661	0.568705905201022	46	17
1662	0.5686680878390559	139	195
1664	0.5683007230381738	101	0
1667	0.5679445031160856	52	195
1668	0.567854961932215	151	88
1674	0.5664083355699278	93	133
1675	0.5661888889824953	56	138
1676	0.5661434887532926	86	158
1677	0.565738839693489	206	64
1678	0.5657153975907899	160	134
1680	0.564817798408843	86	0
1683	0.5642581522087415	133	39
1684	0.564149914110871	46	195
1685	0.5640608161887585	51	171
1686	0.5640336237812044	176	79
1687	0.5639671404540709	62	86
1688	0.5639633040938067	93	100
1693	0.5635192077124517	24	171
1694	0.5634360171231563	195	79
1695	0.5634115925630282	30	133
1698	0.5632745305961058	86	0
1699	0.5632336066920023	195	101
1700	0.5629586279817399	30	195
1701	0.5629434913404393	39	150
1703	0.562740061835039	138	0
1704	0.5627211736410546	134	183
1705	0.5626965844041824	62	138
1706	0.5626846698887306	206	0
1707	0.5624602118541222	176	199
1709	0.5619445863586959	160	104
1712	0.5616356218452175	199	93
1713	0.5614589445619438	161	194
1714	0.5614222944084843	138	137
1715	0.5612726414732927	30	39
1716	0.5609409820568766	56	23
1717	0.5607571690915943	16	138
1718	0.5606225015581089	160	138
1721	0.5602418016690196	202	93
1723	0.5599729591538455	133	79
1724	0.5598999495849581	6	24
1725	0.5598985542911336	124	183
1726	0.559587265624432	199	90
1727	0.5593427996473443	46	64
1729	0.5592132478993128	30	6
1732	0.5589154775925165	93	134
1733	0.5588670386859161	24	62
1734	0.5588473596664143	16	35
1736	0.5585464608396757	151	86
1738	0.558187848826354	0	64
1739	0.5581688802270344	139	176
1740	0.5580886964652635	86	64
1741	0.5579849367254152	31	132
1743	0.5574847310512685	88	46
1745	0.5571220029783596	195	91
1746	0.5570696905596009	41	205
1751	0.556147477034957	195	101
1752	0.5561070315150243	160	197
1754	0.5559589618314161	96	86
1755	0.5557140121374878	101	86
1757	0.5555889980352308	64	152
1758	0.5552397241697304	150	86
1759	0.555029114052242	24	39
1761	0.5548074020863911	195	62
1766	0.5536714209557214	195	139
1769	0.5533800427762926	161	86
1770	0.5530270526792892	41	133
1771	0.5529353659890291	93	150
1775	0.552355379642194	139	86
1776	0.5521406294840822	133	195
1779	0.5518107158378883	78	83
1781	0.5516038370947509	46	24
1785	0.5507627007893979	83	151
1786	0.5502042259069543	195	147
1789	0.5491286219122071	195	24
1794	0.5482250400504332	51	0
1800	0.5475082203770083	93	124
1802	0.5470126426334125	30	195
1803	0.5462698375963168	195	176
1804	0.5462534468153857	202	96
1810	0.5452532038592407	54	86
1811	0.5450056546832757	133	195
1813	0.5446291528823808	151	0
1815	0.5443584625610435	30	133
1816	0.5443535517053829	30	41
1818	0.5442565077502929	154	76
1821	0.5438323712429323	86	105
1824	0.5430189748920917	30	195
1825	0.5430102932276366	135	206
1826	0.542826765607777	115	70
1829	0.5422295353246176	151	83
1835	0.540822718124273	30	24
1838	0.5401774387255166	147	6
1843	0.5390977942514439	202	183
1845	0.5388735249127977	86	54
1847	0.5385297094389768	15	86
1849	0.5377338426978612	15	0
1850	0.5377097844752334	93	31
1853	0.5367045411554314	64	30
1854	0.5366120003342959	151	0
1855	0.536562806569019	195	39
1856	0.5364812220318526	78	86
1858	0.5364671418677266	93	150
1859	0.5364625579811549	101	93
1862	0.5358238448645364	202	93
1864	0.5355418253671143	199	56
1866	0.5350055886648601	101	189
1867	0.5350033346785388	86	151
1870	0.5345103585215198	101	86
1871	0.5336724510495432	137	115
1872	0.5336295985515234	90	51
1873	0.5335907620536625	0	24
1874	0.532745101829573	195	41
1877	0.5324834084660481	195	30
1878	0.5324227365540485	5	0
1879	0.5323768897407635	206	138
1880	0.5321472543061881	195	6
1882	0.5309810153847299	86	64
1883	0.5309598304926912	195	30
1886	0.5305174641405832	199	147
1887	0.5303895944907178	0	83
1888	0.5300463724626757	93	35
1890	0.5299081910873742	195	46
1891	0.5297168844303345	199	195
1893	0.5296611800597701	62	195
1894	0.5294554645859305	150	101
1895	0.5294424728159376	183	96
1896	0.529194526890866	0	160
1898	0.5283067696345162	16	137
1899	0.5281361044013193	57	78
1900	0.5280308306121058	93	90
1901	0.5278478939780229	133	195
1903	0.5274468247637357	202	93
1904	0.5273716256208268	195	154
1908	0.5269185727479568	183	0
1910	0.5263998276657839	195	161
1912	0.5257879961438139	202	31
1913	0.5256509125462776	202	197
1917	0.5243577610229714	134	151
1918	0.523960888437219	135	94
1919	0.5235727734968053	86	56
1920	0.5232936131885417	151	195
1922	0.5226849780829195	134	206
1923	0.5226333020868393	199	195
1925	0.5222648766736622	0	57
1930	0.5211167996352708	101	202
1932	0.5203826030847413	0	135
1935	0.5197413980127882	62	16
1939	0.5184198767128099	51	24
1944	0.5171001984192134	0	206
1946	0.516486188904601	202	86
1947	0.5161812899226883	202	101
1950	0.5148873088336278	199	52
1952	0.5129648460215738	93	101
1954	0.512801094106887	183	86
1958	0.5121186692114406	195	133
1959	0.5116548420392992	153	133
1960	0.5115374967834484	195	46
1962	0.5109278269308104	39	195
1963	0.5106617857247019	199	133
1964	0.5101046376302445	90	51
1966	0.5096161236499016	64	56
1967	0.5094637948529379	66	86
1968	0.5092397982365827	202	93
1970	0.5087583467332565	86	0
1972	0.5080536027281951	96	183
1975	0.5075130433556714	199	24
1978	0.5067078694506151	152	151
1980	0.5066369371612076	46	160
1981	0.5063263851424897	202	96
1983	0.5058264076220141	150	93
1984	0.5057682330906549	30	195
1985	0.5057106176984023	134	0
1988	0.503898269148358	86	0
1991	0.5029564060354919	14	86
1992	0.5024066657855106	86	183
1996	0.5022443422975263	195	139
1998	0.5008443209879271	86	133
1999	0.5001223309082812	189	86
2000	0.4996000440402872	189	93
2001	0.49920283004293764	149	150
2003	0.4974645642645102	46	152
2004	0.49636773800665757	93	149
2005	0.49623970487928	0	41
2006	0.49614107190877416	133	30
2012	0.495161291638622	24	199
2014	0.494113277606647	46	195
2018	0.49236367535128267	123	24
2020	0.4910455724177248	183	202
2022	0.4901613718021399	54	133
2023	0.490115937541748	57	62
2024	0.4901125453926542	195	133
2025	0.4889372812240854	54	30
2027	0.4882259805166077	133	195
2030	0.48760103549446066	5	208
2032	0.4865675076179692	39	81
2033	0.48654988932639154	0	138
2034	0.48444143067693135	46	64
2035	0.48438777477410483	195	40
2037	0.4839765231396642	101	46
2041	0.4827696554828579	134	101
2042	0.48247983973594827	50	74
2043	0.4821619907310243	90	64
2044	0.48204656408628554	195	93
2047	0.48149994448450795	6	195
2048	0.48146657302977597	0	56
2049	0.4813540810670622	202	183
2052	0.4792188231307794	153	24
2057	0.4766008821219759	86	0
2058	0.47656864045020686	195	153
2064	0.4744800871495524	35	138
2066	0.4728818693872617	133	30
2067	0.472455214872229	133	195
2068	0.470921707334846	133	195
2071	0.468443529459615	54	202
2075	0.46585019210072176	86	151
2080	0.46341591961324485	147	138
2081	0.46318177307394015	189	15
2083	0.4625671667616927	54	86
2086	0.4607936949936848	0	206
2087	0.4595176540210944	138	57
2088	0.45913866042657964	122	189
2091	0.45354068122829505	133	199
2092	0.45299791317784005	46	189
2094	0.45275443610981314	134	202
2095	0.4509078403099073	156	176
2097	0.44807306570429883	24	133
2100	0.446420063816259	0	88
2102	0.4455886073572778	0	88
2106	0.43942063025881684	87	86
2108	0.43832840894947506	54	134
2109	0.4362978122001316	0	14
2113	0.43244542883557385	193	66
2116	0.42928895443719756	137	123
2117	0.4291182277928848	138	11
2118	0.4282385299545814	160	193
2119	0.4278688333963259	101	195
2121	0.42566820090784574	166	46
2122	0.42565203086127834	0	88
2123	0.42518617735710346	0	183
2125	0.4237917413897402	189	50
2127	0.4231517931656062	147	133
2129	0.42024457686833566	64	46
2130	0.4197431244594817	171	14
2134	0.41949917895597794	0	1
2135	0.4192867582651019	86	0
2136	0.41747278110105046	123	160
2138	0.41598225244074266	151	90
2141	0.4131435468894934	0	86
2142	0.41167767115069603	86	208
2147	0.407512169687776	150	86
2148	0.40613245479528753	0	86
2149	0.4057913186219794	1	86
2150	0.40556266307010846	86	90
2151	0.40489181095670407	187	87
2152	0.40346074984239455	183	206
2153	0.40304665968989106	138	206
2154	0.40202861244670385	151	0
2155	0.4016951775722079	0	86
2156	0.4016508513277809	45	133
2160	0.3974088222589046	56	39
2161	0.3970351831438434	5	56
2162	0.396766187938143	160	0
2163	0.3966926359403978	3	90
2166	0.395158612094166	159	46
2167	0.39420381623754636	5	86
2168	0.394117520094654	24	133
2170	0.3907236654149378	86	0
2171	0.3903424673742519	124	86
2172	0.38999928760268565	159	140
2173	0.3890322106335974	3	64
2175	0.38703760408058674	67	0
2176	0.3870126652423045	0	87
2180	0.38593255000753823	54	0
2182	0.3850653263115239	95	160
2183	0.38423409745671894	86	0
2185	0.3805505438962332	24	195
2188	0.38008656613605757	86	0
2191	0.3770780320249746	0	83
2192	0.3770125645927672	5	156
2193	0.3769673067660901	54	151
2195	0.3765156349466616	1	0
2201	0.37142168065124603	0	95
2202	0.3713654466597535	86	0
2203	0.37132515660026905	101	83
2205	0.3710069483220937	5	0
2209	0.3672258415959147	86	0
2213	0.36576312890556817	0	54
2216	0.3602853608835059	189	122
2217	0.3553586153884852	0	51
2220	0.3482719706450905	0	166
2221	0.3466381418393836	124	0
2222	0.34399321023001594	86	9
2225	0.3410191483005981	54	0
2226	0.3403107147054854	0	24
2229	0.3392118879396157	0	1
2238	0.334761638765438	0	88
2241	0.3325332226936927	0	86
2243	0.32774734599542016	6	24
2245	0.3274789091198389	54	101
2247	0.32512410679713943	86	0
2250	0.3215511681948983	138	86
2251	0.32148375788079664	54	151
2253	0.31931241363534185	93	24
2256	0.31613413615060926	86	93
2257	0.3160566260143902	5	0
2258	0.3151563011027902	54	86
2260	0.31296109673443206	62	115
2262	0.3120438560738171	138	0
2267	0.3084006658225172	138	187
2269	0.3066355244624123	54	124
2271	0.3047237111551709	101	150
2272	0.30111977466242335	101	183
2274	0.30032383021560083	54	0
2277	0.2978970465289614	0	101
2278	0.2949633640505931	171	45
2281	0.29367017452261573	0	67
2283	0.29201034491933353	189	159
2286	0.28704092534616865	0	3
2289	0.28443582517688	0	86
2292	0.28026545250863855	86	147
2293	0.28009851476928893	62	0
2294	0.27881693406773433	138	0
2296	0.27547726923292437	0	6
2301	0.2687931264070118	86	5
2305	0.26484549374572003	0	189
2310	0.2558862096227854	137	171
2311	0.2552592654717739	137	123
2316	0.2497969039993325	5	0
2317	0.24958244290974158	0	86
2318	0.24906697940201775	0	86
2320	0.2469747392844046	0	54
2322	0.24522931352764807	54	0
2325	0.24222042439720368	0	86
2334	0.205942860883179	0	54
2337	0.19570456830055555	0	5
2338	0.19212297740653345	35	0
2342	0.18189384495758748	35	137
2344	0.15643939020014375	0	62
2347	0.11581360849039557	138	35
2348	0.108517574390133	54	0
2349	0.09170454576603361	54	138
2351	0.08930908681719098	0	54
